District_clean,State_clean,fiscal_year,penta1,penta2,penta3,penta1_private,penta1_urban
ADILABAD,TELANGANA,2017-2018,13399.0,13399.0,13399.0,0.0,2679.0
ADILABAD,TELANGANA,2018-2019,11926.0,11926.0,11926.0,0.0,1952.0
ADILABAD,TELANGANA,2019-2020,13123.0,12977.0,12846.0,1067.0,3027.0
AGAR MALWA,MADHYA PRADESH,2017-2018,12269.0,12269.0,12269.0,0.0,319.0
AGAR MALWA,MADHYA PRADESH,2018-2019,13071.0,12943.0,12815.0,0.0,360.0
AGAR MALWA,MADHYA PRADESH,2019-2020,12684.0,12684.0,12684.0,0.0,523.0
AGRA,UTTAR PRADESH,2017-2018,111956.0,110398.0,110157.0,0.0,38775.0
AGRA,UTTAR PRADESH,2018-2019,100651.0,96402.0,96402.0,0.0,32983.0
AGRA,UTTAR PRADESH,2019-2020,114555.0,112190.0,112190.0,0.0,39173.0
AHMADNAGAR,MAHARASHTRA,2017-2018,79529.0,78618.0,78618.0,300.0,14477.0
AHMADNAGAR,MAHARASHTRA,2018-2019,74108.0,73278.0,73278.0,0.0,11397.0
AHMADNAGAR,MAHARASHTRA,2019-2020,74046.0,72798.0,72798.0,0.0,10149.0
AHMEDABAD,GUJARAT,2017-2018,148167.0,141954.0,140280.0,20486.0,105278.0
AHMEDABAD,GUJARAT,2018-2019,142383.0,136931.0,136931.0,1698.0,94421.0
AHMEDABAD,GUJARAT,2019-2020,145668.0,138598.0,138598.0,924.0,92057.0
AIZAWL EAST,MIZORAM,2017-2018,4549.0,4514.0,4393.0,1004.0,3167.0
AIZAWL EAST,MIZORAM,2018-2019,4379.0,4379.0,4240.0,865.0,3100.0
AIZAWL EAST,MIZORAM,2019-2020,4797.0,4668.0,4630.0,942.0,3494.0
AIZAWL WEST,MIZORAM,2017-2018,2637.0,2563.0,2563.0,38.0,1964.0
AIZAWL WEST,MIZORAM,2018-2019,2752.0,2729.0,2729.0,25.0,2056.0
AIZAWL WEST,MIZORAM,2019-2020,2846.0,2846.0,2846.0,0.0,2183.0
AJMER,RAJASTHAN,2017-2018,53538.0,51827.0,51259.0,364.0,14245.0
AJMER,RAJASTHAN,2018-2019,57326.0,54529.0,53784.0,409.0,15886.0
AJMER,RAJASTHAN,2019-2020,52489.0,51022.0,50160.0,541.0,14871.0
AKOLA,MAHARASHTRA,2017-2018,32799.0,32330.0,32319.0,912.0,10963.0
AKOLA,MAHARASHTRA,2018-2019,31385.0,30239.0,30239.0,903.0,9579.0
AKOLA,MAHARASHTRA,2019-2020,30948.0,29960.0,29942.0,928.0,9457.0
ALAPPUZHA,KERALA,2017-2018,24611.0,24611.0,24611.0,1906.0,2100.0
ALAPPUZHA,KERALA,2018-2019,23258.0,23127.0,22691.0,1596.0,2071.0
ALAPPUZHA,KERALA,2019-2020,22656.0,22656.0,22625.0,1393.0,2024.0
ALIGARH,UTTAR PRADESH,2017-2018,94031.0,87335.0,87335.0,0.0,14810.0
ALIGARH,UTTAR PRADESH,2018-2019,82873.0,76590.0,75029.0,17.0,14404.0
ALIGARH,UTTAR PRADESH,2019-2020,95963.0,93240.0,93240.0,213.0,16645.0
ALIPURDUAR,WEST BENGAL,2017-2018,20944.0,20943.0,20529.0,12.0,237.0
ALIPURDUAR,WEST BENGAL,2018-2019,21150.0,20885.0,20885.0,17.0,262.0
ALIPURDUAR,WEST BENGAL,2019-2020,21647.0,21548.0,21523.0,9.0,328.0
ALIRAJPUR,MADHYA PRADESH,2017-2018,19798.0,18254.0,17151.0,0.0,0.0
ALIRAJPUR,MADHYA PRADESH,2018-2019,20166.0,18681.0,18131.0,0.0,0.0
ALIRAJPUR,MADHYA PRADESH,2019-2020,21841.0,21023.0,20112.0,0.0,0.0
ALLAHABAD,UTTAR PRADESH,2017-2018,145081.0,139201.0,139201.0,0.0,33447.0
ALLAHABAD,UTTAR PRADESH,2018-2019,141017.0,131304.0,131304.0,0.0,30097.0
ALLAHABAD,UTTAR PRADESH,2019-2020,151486.0,144352.0,144352.0,2426.0,31039.0
ALMORA,UTTARAKHAND,2017-2018,7684.0,7684.0,7684.0,22.0,0.0
ALMORA,UTTARAKHAND,2018-2019,7274.0,7274.0,7274.0,17.0,0.0
ALMORA,UTTARAKHAND,2019-2020,6921.0,6921.0,6921.0,30.0,0.0
ALWAR,RAJASTHAN,2017-2018,76076.0,72244.0,71159.0,1699.0,4829.0
ALWAR,RAJASTHAN,2018-2019,74140.0,73961.0,73315.0,715.0,4084.0
ALWAR,RAJASTHAN,2019-2020,72813.0,69833.0,68556.0,2089.0,5618.0
AMBALA,HARYANA,2017-2018,18938.0,18668.0,18569.0,197.0,5105.0
AMBALA,HARYANA,2018-2019,18936.0,18773.0,18571.0,242.0,4142.0
AMBALA,HARYANA,2019-2020,19685.0,19621.0,19579.0,289.0,4610.0
AMBEDKAR NAGAR,UTTAR PRADESH,2017-2018,52887.0,51328.0,51328.0,0.0,2155.0
AMBEDKAR NAGAR,UTTAR PRADESH,2018-2019,57686.0,56013.0,56013.0,0.0,4612.0
AMBEDKAR NAGAR,UTTAR PRADESH,2019-2020,61588.0,60403.0,60403.0,0.0,5195.0
AMRAVATI,MAHARASHTRA,2017-2018,46409.0,44705.0,43939.0,394.0,15572.0
AMRAVATI,MAHARASHTRA,2018-2019,46503.0,44801.0,44801.0,797.0,15711.0
AMRAVATI,MAHARASHTRA,2019-2020,48512.0,46885.0,46864.0,3997.0,15851.0
AMRELI,GUJARAT,2017-2018,27513.0,26920.0,26750.0,66.0,2699.0
AMRELI,GUJARAT,2018-2019,27939.0,27220.0,27220.0,159.0,3188.0
AMRELI,GUJARAT,2019-2020,26358.0,25326.0,25326.0,153.0,2748.0
AMRITSAR,PUNJAB,2017-2018,35831.0,34407.0,34302.0,1093.0,14832.0
AMRITSAR,PUNJAB,2018-2019,35740.0,34136.0,33838.0,893.0,14566.0
AMRITSAR,PUNJAB,2019-2020,35816.0,34236.0,33534.0,660.0,14832.0
ANAND,GUJARAT,2017-2018,33657.0,32916.0,32916.0,0.0,6441.0
ANAND,GUJARAT,2018-2019,31394.0,30883.0,30883.0,0.0,5390.0
ANAND,GUJARAT,2019-2020,33363.0,33363.0,33363.0,710.0,5717.0
ANANTAPUR,ANDHRA PRADESH,2017-2018,91063.0,90936.0,90936.0,13460.0,35602.0
ANANTAPUR,ANDHRA PRADESH,2018-2019,87965.0,87361.0,87361.0,14470.0,30869.0
ANANTAPUR,ANDHRA PRADESH,2019-2020,85047.0,84140.0,84140.0,15759.0,30679.0
ANANTNAG,JAMMU & KASHMIR,2017-2018,16689.0,16584.0,16584.0,129.0,358.0
ANANTNAG,JAMMU & KASHMIR,2018-2019,16857.0,16570.0,16570.0,115.0,464.0
ANANTNAG,JAMMU & KASHMIR,2019-2020,16321.0,16321.0,16321.0,113.0,488.0
ANJAW,ARUNACHAL PRADESH,2017-2018,243.0,233.0,233.0,0.0,0.0
ANJAW,ARUNACHAL PRADESH,2018-2019,319.0,312.0,296.0,0.0,0.0
ANJAW,ARUNACHAL PRADESH,2019-2020,362.0,362.0,345.0,0.0,0.0
ANUGUL,ODISHA,2017-2018,20088.0,19464.0,19177.0,221.0,0.0
ANUGUL,ODISHA,2018-2019,19879.0,19525.0,19525.0,228.0,0.0
ANUGUL,ODISHA,2019-2020,19838.0,19838.0,19838.0,176.0,0.0
ANUPPUR,MADHYA PRADESH,2017-2018,12075.0,12075.0,11834.0,0.0,0.0
ANUPPUR,MADHYA PRADESH,2018-2019,13588.0,13320.0,13195.0,0.0,0.0
ANUPPUR,MADHYA PRADESH,2019-2020,15003.0,15003.0,15003.0,0.0,0.0
ARARIA,BIHAR,2017-2018,84041.0,83161.0,78076.0,0.0,11196.0
ARARIA,BIHAR,2018-2019,83129.0,81278.0,76058.0,0.0,9854.0
ARARIA,BIHAR,2019-2020,98100.0,98100.0,90797.0,0.0,12000.0
ARAVALLI,GUJARAT,2017-2018,22602.0,22467.0,22047.0,203.0,2093.0
ARAVALLI,GUJARAT,2018-2019,21688.0,21327.0,21327.0,305.0,2030.0
ARAVALLI,GUJARAT,2019-2020,19638.0,19638.0,19638.0,302.0,1391.0
ARIYALUR,TAMIL NADU,2017-2018,11091.0,11065.0,11065.0,209.0,558.0
ARIYALUR,TAMIL NADU,2018-2019,11144.0,11144.0,11118.0,169.0,468.0
ARIYALUR,TAMIL NADU,2019-2020,11093.0,11093.0,11093.0,91.0,428.0
ARWAL,BIHAR,2017-2018,15292.0,15179.0,14466.0,0.0,0.0
ARWAL,BIHAR,2018-2019,16519.0,15845.0,15498.0,0.0,0.0
ARWAL,BIHAR,2019-2020,16545.0,16545.0,16545.0,0.0,0.0
ASHOK NAGAR,MADHYA PRADESH,2017-2018,20020.0,19495.0,19495.0,3.0,591.0
ASHOK NAGAR,MADHYA PRADESH,2018-2019,20901.0,20850.0,20765.0,1.0,405.0
ASHOK NAGAR,MADHYA PRADESH,2019-2020,22346.0,22346.0,22166.0,0.0,653.0
AURAIYA,UTTAR PRADESH,2017-2018,29346.0,27634.0,27540.0,0.0,1006.0
AURAIYA,UTTAR PRADESH,2018-2019,31238.0,29365.0,29365.0,0.0,1054.0
AURAIYA,UTTAR PRADESH,2019-2020,34786.0,34299.0,34299.0,0.0,1420.0
AURANGABAD,BIHAR,2017-2018,55764.0,55764.0,54635.0,0.0,10234.0
AURANGABAD,BIHAR,2018-2019,58585.0,55316.0,53303.0,0.0,10657.0
AURANGABAD,BIHAR,2019-2020,62321.0,62255.0,61852.0,0.0,11506.0
AURANGABAD,MAHARASHTRA,2017-2018,79071.0,78189.0,78135.0,2795.0,23014.0
AURANGABAD,MAHARASHTRA,2018-2019,70611.0,70545.0,70471.0,635.0,20172.0
AURANGABAD,MAHARASHTRA,2019-2020,74917.0,73325.0,73200.0,320.0,21637.0
AZAMGARH,UTTAR PRADESH,2017-2018,106825.0,101431.0,101431.0,0.0,629.0
AZAMGARH,UTTAR PRADESH,2018-2019,122730.0,116522.0,114307.0,1845.0,1964.0
AZAMGARH,UTTAR PRADESH,2019-2020,139312.0,132280.0,132280.0,7004.0,4291.0
BADGAM,JAMMU & KASHMIR,2017-2018,12479.0,12479.0,12479.0,0.0,0.0
BADGAM,JAMMU & KASHMIR,2018-2019,13266.0,13266.0,13266.0,0.0,0.0
BADGAM,JAMMU & KASHMIR,2019-2020,13498.0,13466.0,13466.0,0.0,0.0
BAGALKOTE,KARNATAKA,2017-2018,43356.0,41784.0,41784.0,1129.0,7101.0
BAGALKOTE,KARNATAKA,2018-2019,40694.0,39702.0,39702.0,1066.0,7094.0
BAGALKOTE,KARNATAKA,2019-2020,39858.0,39647.0,39647.0,1067.0,8387.0
BAGESHWAR,UTTARAKHAND,2017-2018,3935.0,3868.0,3836.0,0.0,0.0
BAGESHWAR,UTTARAKHAND,2018-2019,3923.0,3783.0,3783.0,0.0,0.0
BAGESHWAR,UTTARAKHAND,2019-2020,3749.0,3699.0,3653.0,0.0,0.0
BAGPAT,UTTAR PRADESH,2017-2018,27814.0,26622.0,26622.0,0.0,1055.0
BAGPAT,UTTAR PRADESH,2018-2019,28977.0,27327.0,27327.0,8.0,1168.0
BAGPAT,UTTAR PRADESH,2019-2020,34305.0,33082.0,32953.0,2494.0,3965.0
BAHRAICH,UTTAR PRADESH,2017-2018,104521.0,95933.0,91697.0,0.0,3236.0
BAHRAICH,UTTAR PRADESH,2018-2019,94126.0,86799.0,82050.0,0.0,2739.0
BAHRAICH,UTTAR PRADESH,2019-2020,115891.0,113259.0,110476.0,0.0,3201.0
BAKSA,ASSAM,2017-2018,15069.0,15024.0,14664.0,11.0,0.0
BAKSA,ASSAM,2018-2019,14598.0,14428.0,14133.0,16.0,0.0
BAKSA,ASSAM,2019-2020,14362.0,14362.0,14362.0,13.0,0.0
BALAGHAT,MADHYA PRADESH,2017-2018,28789.0,28262.0,27994.0,0.0,780.0
BALAGHAT,MADHYA PRADESH,2018-2019,30733.0,30062.0,29832.0,0.0,745.0
BALAGHAT,MADHYA PRADESH,2019-2020,37042.0,35880.0,35265.0,0.0,918.0
BALANGIR,ODISHA,2017-2018,27559.0,27029.0,26187.0,0.0,959.0
BALANGIR,ODISHA,2018-2019,27465.0,27267.0,26869.0,0.0,968.0
BALANGIR,ODISHA,2019-2020,26928.0,26705.0,26575.0,10.0,1112.0
BALESHWAR,ODISHA,2017-2018,36906.0,36221.0,35530.0,0.0,1194.0
BALESHWAR,ODISHA,2018-2019,35400.0,34816.0,34446.0,0.0,1239.0
BALESHWAR,ODISHA,2019-2020,36158.0,35481.0,35087.0,0.0,1229.0
BALLIA,UTTAR PRADESH,2017-2018,71053.0,67626.0,67626.0,0.0,735.0
BALLIA,UTTAR PRADESH,2018-2019,64811.0,61130.0,59750.0,0.0,467.0
BALLIA,UTTAR PRADESH,2019-2020,76592.0,73746.0,72836.0,0.0,829.0
BALOD,CHHATTISGARH,2017-2018,12752.0,12291.0,12291.0,142.0,0.0
BALOD,CHHATTISGARH,2018-2019,13040.0,12768.0,12601.0,196.0,0.0
BALOD,CHHATTISGARH,2019-2020,12107.0,12107.0,12107.0,139.0,0.0
BALODA BAZAR,CHHATTISGARH,2017-2018,27021.0,26319.0,26126.0,396.0,0.0
BALODA BAZAR,CHHATTISGARH,2018-2019,27961.0,27061.0,26757.0,1030.0,1345.0
BALODA BAZAR,CHHATTISGARH,2019-2020,26700.0,26508.0,26508.0,0.0,855.0
BALRAMPUR,CHHATTISGARH,2017-2018,19012.0,18663.0,18532.0,0.0,0.0
BALRAMPUR,CHHATTISGARH,2018-2019,18918.0,18857.0,18794.0,0.0,0.0
BALRAMPUR,CHHATTISGARH,2019-2020,19930.0,19823.0,19823.0,0.0,0.0
BALRAMPUR,UTTAR PRADESH,2017-2018,57651.0,52869.0,49046.0,0.0,3061.0
BALRAMPUR,UTTAR PRADESH,2018-2019,64022.0,59110.0,57467.0,0.0,4484.0
BALRAMPUR,UTTAR PRADESH,2019-2020,73728.0,70062.0,70062.0,0.0,2469.0
BANAS KANTHA,GUJARAT,2017-2018,75124.0,72417.0,70109.0,0.0,4085.0
BANAS KANTHA,GUJARAT,2018-2019,74465.0,72053.0,70648.0,0.0,4630.0
BANAS KANTHA,GUJARAT,2019-2020,75042.0,73779.0,72024.0,2914.0,7479.0
BANDA,UTTAR PRADESH,2017-2018,41455.0,41423.0,41423.0,66.0,1820.0
BANDA,UTTAR PRADESH,2018-2019,43218.0,40544.0,39939.0,97.0,1922.0
BANDA,UTTAR PRADESH,2019-2020,41420.0,40979.0,40979.0,116.0,2341.0
BANDIPORA,JAMMU & KASHMIR,2017-2018,7335.0,7261.0,7260.0,0.0,0.0
BANDIPORA,JAMMU & KASHMIR,2018-2019,7341.0,7312.0,7249.0,0.0,0.0
BANDIPORA,JAMMU & KASHMIR,2019-2020,6966.0,6947.0,6891.0,0.0,0.0
BANGALORE RURAL,KARNATAKA,2017-2018,14805.0,14543.0,14543.0,1124.0,1722.0
BANGALORE RURAL,KARNATAKA,2018-2019,14314.0,14126.0,14126.0,962.0,1519.0
BANGALORE RURAL,KARNATAKA,2019-2020,15050.0,14787.0,14787.0,806.0,1876.0
BANGALORE URBAN,KARNATAKA,2017-2018,152516.0,151541.0,151541.0,41167.0,94539.0
BANGALORE URBAN,KARNATAKA,2018-2019,164057.0,160256.0,160256.0,43682.0,105869.0
BANGALORE URBAN,KARNATAKA,2019-2020,158682.0,155950.0,155950.0,39187.0,95271.0
BANKA,BIHAR,2017-2018,52511.0,51313.0,50543.0,0.0,175.0
BANKA,BIHAR,2018-2019,50838.0,49244.0,47318.0,0.0,138.0
BANKA,BIHAR,2019-2020,52243.0,52243.0,51493.0,0.0,150.0
BANKURA,WEST BENGAL,2017-2018,51477.0,50295.0,50295.0,22.0,2163.0
BANKURA,WEST BENGAL,2018-2019,52579.0,51302.0,51270.0,15.0,2303.0
BANKURA,WEST BENGAL,2019-2020,53250.0,52687.0,52367.0,17.0,2644.0
BANSWARA,RAJASTHAN,2017-2018,44456.0,44025.0,43582.0,0.0,641.0
BANSWARA,RAJASTHAN,2018-2019,45171.0,44555.0,44336.0,0.0,961.0
BANSWARA,RAJASTHAN,2019-2020,46057.0,45810.0,44976.0,0.0,995.0
BARABANKI,UTTAR PRADESH,2017-2018,84326.0,81830.0,81252.0,42.0,865.0
BARABANKI,UTTAR PRADESH,2018-2019,77242.0,73814.0,72794.0,155.0,691.0
BARABANKI,UTTAR PRADESH,2019-2020,86025.0,84854.0,84854.0,156.0,1136.0
BARAMULA,JAMMU & KASHMIR,2017-2018,19200.0,19049.0,19049.0,322.0,285.0
BARAMULA,JAMMU & KASHMIR,2018-2019,19698.0,18987.0,18627.0,316.0,461.0
BARAMULA,JAMMU & KASHMIR,2019-2020,19790.0,18821.0,18738.0,218.0,476.0
BARAN,RAJASTHAN,2017-2018,21784.0,20798.0,20220.0,0.0,124.0
BARAN,RAJASTHAN,2018-2019,23583.0,22956.0,22296.0,0.0,1330.0
BARAN,RAJASTHAN,2019-2020,23635.0,22784.0,22392.0,0.0,1476.0
BAREILLY,UTTAR PRADESH,2017-2018,103890.0,100342.0,98071.0,0.0,13022.0
BAREILLY,UTTAR PRADESH,2018-2019,111801.0,108181.0,105338.0,0.0,19744.0
BAREILLY,UTTAR PRADESH,2019-2020,123751.0,120541.0,120541.0,0.0,17228.0
BARGARH,ODISHA,2017-2018,20972.0,20782.0,20191.0,0.0,996.0
BARGARH,ODISHA,2018-2019,20459.0,20343.0,19651.0,0.0,988.0
BARGARH,ODISHA,2019-2020,20472.0,20359.0,20359.0,0.0,1225.0
BARMER,RAJASTHAN,2017-2018,69389.0,66220.0,66220.0,228.0,1653.0
BARMER,RAJASTHAN,2018-2019,66492.0,63908.0,63131.0,10.0,1996.0
BARMER,RAJASTHAN,2019-2020,67493.0,64618.0,64352.0,0.0,2219.0
BARNALA,PUNJAB,2017-2018,7714.0,7517.0,7517.0,307.0,1054.0
BARNALA,PUNJAB,2018-2019,7427.0,7084.0,7084.0,113.0,1267.0
BARNALA,PUNJAB,2019-2020,6910.0,6642.0,6596.0,41.0,1254.0
BARPETA,ASSAM,2017-2018,38612.0,37639.0,37110.0,43.0,0.0
BARPETA,ASSAM,2018-2019,37151.0,36836.0,36587.0,53.0,0.0
BARPETA,ASSAM,2019-2020,37531.0,37023.0,36641.0,872.0,0.0
BARWANI,MADHYA PRADESH,2017-2018,40465.0,39912.0,39289.0,194.0,1270.0
BARWANI,MADHYA PRADESH,2018-2019,43927.0,43062.0,41501.0,5.0,1337.0
BARWANI,MADHYA PRADESH,2019-2020,42263.0,41725.0,40991.0,0.0,1843.0
BASTAR,CHHATTISGARH,2017-2018,17659.0,16972.0,16972.0,215.0,1456.0
BASTAR,CHHATTISGARH,2018-2019,17862.0,17553.0,17553.0,328.0,1493.0
BASTAR,CHHATTISGARH,2019-2020,17667.0,17518.0,17518.0,177.0,1278.0
BASTI,UTTAR PRADESH,2017-2018,57434.0,55878.0,55878.0,0.0,875.0
BASTI,UTTAR PRADESH,2018-2019,56079.0,53581.0,53581.0,0.0,916.0
BASTI,UTTAR PRADESH,2019-2020,66828.0,66349.0,66349.0,0.0,1188.0
BATHINDA,PUNJAB,2017-2018,18892.0,17784.0,17784.0,1736.0,4019.0
BATHINDA,PUNJAB,2018-2019,19962.0,18771.0,18549.0,2548.0,4098.0
BATHINDA,PUNJAB,2019-2020,19456.0,18449.0,18092.0,1751.0,4259.0
BAUDH,ODISHA,2017-2018,7452.0,7452.0,7261.0,0.0,0.0
BAUDH,ODISHA,2018-2019,7583.0,7511.0,7393.0,0.0,0.0
BAUDH,ODISHA,2019-2020,7161.0,7161.0,7138.0,0.0,0.0
BEGUSARAI,BIHAR,2017-2018,85467.0,83122.0,82489.0,0.0,28970.0
BEGUSARAI,BIHAR,2018-2019,84323.0,80323.0,76769.0,0.0,28426.0
BEGUSARAI,BIHAR,2019-2020,91957.0,90295.0,88788.0,0.0,32580.0
BELGAUM,KARNATAKA,2017-2018,98023.0,94591.0,94305.0,3352.0,13219.0
BELGAUM,KARNATAKA,2018-2019,100085.0,98523.0,97578.0,2828.0,13199.0
BELGAUM,KARNATAKA,2019-2020,91058.0,87998.0,87998.0,2484.0,10335.0
BELLARY,KARNATAKA,2017-2018,57170.0,55524.0,55524.0,5.0,14385.0
BELLARY,KARNATAKA,2018-2019,52985.0,51422.0,51422.0,37.0,12624.0
BELLARY,KARNATAKA,2019-2020,53361.0,51954.0,51954.0,170.0,12165.0
BEMETRA,CHHATTISGARH,2017-2018,15876.0,15569.0,15424.0,0.0,0.0
BEMETRA,CHHATTISGARH,2018-2019,15682.0,15176.0,15116.0,22.0,22.0
BEMETRA,CHHATTISGARH,2019-2020,15871.0,15645.0,15645.0,217.0,217.0
BETUL,MADHYA PRADESH,2017-2018,26008.0,24914.0,24421.0,138.0,2269.0
BETUL,MADHYA PRADESH,2018-2019,26734.0,26230.0,25621.0,82.0,2512.0
BETUL,MADHYA PRADESH,2019-2020,29118.0,28894.0,28828.0,271.0,3091.0
BHADRADRI KOTHAGUDEM,TELANGANA,2017-2018,17356.0,17055.0,17055.0,0.0,3504.0
BHADRADRI KOTHAGUDEM,TELANGANA,2018-2019,16018.0,15790.0,15790.0,0.0,2443.0
BHADRADRI KOTHAGUDEM,TELANGANA,2019-2020,15882.0,15427.0,15427.0,0.0,2334.0
BHADRAK,ODISHA,2017-2018,24394.0,24247.0,23773.0,0.0,2096.0
BHADRAK,ODISHA,2018-2019,23831.0,23536.0,23290.0,0.0,2225.0
BHADRAK,ODISHA,2019-2020,23549.0,23133.0,22989.0,0.0,1964.0
BHAGALPUR,BIHAR,2017-2018,80912.0,78964.0,78005.0,0.0,10705.0
BHAGALPUR,BIHAR,2018-2019,77733.0,75547.0,72630.0,0.0,10456.0
BHAGALPUR,BIHAR,2019-2020,79121.0,78763.0,76518.0,0.0,10975.0
BHANDARA,MAHARASHTRA,2017-2018,17067.0,16702.0,16700.0,99.0,1075.0
BHANDARA,MAHARASHTRA,2018-2019,16806.0,16561.0,16561.0,181.0,1830.0
BHANDARA,MAHARASHTRA,2019-2020,16085.0,15915.0,15915.0,2.0,2012.0
BHARATPUR,RAJASTHAN,2017-2018,53342.0,51377.0,51377.0,0.0,564.0
BHARATPUR,RAJASTHAN,2018-2019,52698.0,51549.0,51549.0,0.0,1930.0
BHARATPUR,RAJASTHAN,2019-2020,52328.0,51320.0,51320.0,0.0,2421.0
BHARUCH,GUJARAT,2017-2018,28823.0,28584.0,28584.0,21.0,4947.0
BHARUCH,GUJARAT,2018-2019,28405.0,27893.0,27893.0,0.0,5568.0
BHARUCH,GUJARAT,2019-2020,27969.0,27623.0,27623.0,0.0,5721.0
BHAVNAGAR,GUJARAT,2017-2018,42568.0,40895.0,40665.0,1541.0,11744.0
BHAVNAGAR,GUJARAT,2018-2019,47897.0,45230.0,45230.0,4001.0,17467.0
BHAVNAGAR,GUJARAT,2019-2020,44518.0,42218.0,41590.0,1879.0,17434.0
BHILWARA,RAJASTHAN,2017-2018,48483.0,47883.0,47572.0,477.0,3009.0
BHILWARA,RAJASTHAN,2018-2019,48943.0,48064.0,47678.0,451.0,3407.0
BHILWARA,RAJASTHAN,2019-2020,46767.0,46080.0,44921.0,331.0,3197.0
BHIND,MADHYA PRADESH,2017-2018,34055.0,31929.0,30201.0,0.0,3162.0
BHIND,MADHYA PRADESH,2018-2019,34473.0,32454.0,31837.0,0.0,3506.0
BHIND,MADHYA PRADESH,2019-2020,37423.0,36490.0,36097.0,0.0,3791.0
BHIWANI,HARYANA,2017-2018,18239.0,17600.0,17480.0,0.0,3494.0
BHIWANI,HARYANA,2018-2019,20158.0,18986.0,18986.0,0.0,4027.0
BHIWANI,HARYANA,2019-2020,21799.0,21379.0,21087.0,2432.0,5366.0
BHOJPUR,BIHAR,2017-2018,59388.0,56690.0,53495.0,0.0,4415.0
BHOJPUR,BIHAR,2018-2019,59255.0,54722.0,49239.0,0.0,4188.0
BHOJPUR,BIHAR,2019-2020,60483.0,60483.0,59588.0,0.0,6730.0
BHOPAL,MADHYA PRADESH,2017-2018,40951.0,39855.0,39565.0,4608.0,27358.0
BHOPAL,MADHYA PRADESH,2018-2019,48560.0,46596.0,45328.0,9614.0,35098.0
BHOPAL,MADHYA PRADESH,2019-2020,50285.0,49398.0,48728.0,8036.0,35904.0
BID,MAHARASHTRA,2017-2018,50357.0,48303.0,48303.0,0.0,0.0
BID,MAHARASHTRA,2018-2019,47825.0,45764.0,45179.0,1129.0,4415.0
BID,MAHARASHTRA,2019-2020,48338.0,47078.0,47078.0,1414.0,5258.0
BIDAR,KARNATAKA,2017-2018,41301.0,38662.0,38192.0,322.0,4269.0
BIDAR,KARNATAKA,2018-2019,40466.0,37352.0,37352.0,129.0,4860.0
BIDAR,KARNATAKA,2019-2020,38438.0,35703.0,35525.0,288.0,5101.0
BIJAPUR,CHHATTISGARH,2017-2018,5932.0,5778.0,5585.0,14.0,0.0
BIJAPUR,CHHATTISGARH,2018-2019,6584.0,6286.0,6235.0,245.0,0.0
BIJAPUR,CHHATTISGARH,2019-2020,6269.0,6066.0,5938.0,155.0,0.0
BIJAPUR,KARNATAKA,2017-2018,54021.0,52611.0,52420.0,21.0,4069.0
BIJAPUR,KARNATAKA,2018-2019,55469.0,53899.0,53209.0,22.0,6449.0
BIJAPUR,KARNATAKA,2019-2020,52459.0,51073.0,50609.0,19.0,6480.0
BIJNOR,UTTAR PRADESH,2017-2018,77634.0,74386.0,74386.0,0.0,7269.0
BIJNOR,UTTAR PRADESH,2018-2019,81770.0,74573.0,73867.0,890.0,8820.0
BIJNOR,UTTAR PRADESH,2019-2020,100298.0,97535.0,97535.0,763.0,12409.0
BIKANER,RAJASTHAN,2017-2018,55435.0,52775.0,52231.0,1621.0,14933.0
BIKANER,RAJASTHAN,2018-2019,55738.0,52406.0,51199.0,2146.0,16391.0
BIKANER,RAJASTHAN,2019-2020,54219.0,52631.0,52080.0,1545.0,13922.0
BILASPUR,CHHATTISGARH,2017-2018,54364.0,54227.0,54227.0,6378.0,5968.0
BILASPUR,CHHATTISGARH,2018-2019,50347.0,50079.0,50079.0,141.0,6025.0
BILASPUR,CHHATTISGARH,2019-2020,55170.0,54983.0,54983.0,75.0,7784.0
BILASPUR,HIMACHAL PRADESH,2017-2018,6113.0,6089.0,6081.0,79.0,0.0
BILASPUR,HIMACHAL PRADESH,2018-2019,6169.0,6169.0,6090.0,20.0,0.0
BILASPUR,HIMACHAL PRADESH,2019-2020,5909.0,5909.0,5909.0,15.0,0.0
BIRBHUM,WEST BENGAL,2017-2018,61851.0,59971.0,59480.0,1708.0,3539.0
BIRBHUM,WEST BENGAL,2018-2019,59409.0,57131.0,56020.0,0.0,1238.0
BIRBHUM,WEST BENGAL,2019-2020,60840.0,59558.0,59134.0,0.0,1123.0
BISHNUPUR,MANIPUR,2017-2018,3944.0,3776.0,3602.0,0.0,0.0
BISHNUPUR,MANIPUR,2018-2019,3827.0,3638.0,3560.0,0.0,0.0
BISHNUPUR,MANIPUR,2019-2020,4062.0,3733.0,3517.0,0.0,0.0
BOKARO,JHARKHAND,2017-2018,46956.0,45312.0,45312.0,9067.0,10652.0
BOKARO,JHARKHAND,2018-2019,47215.0,45138.0,44879.0,10452.0,12376.0
BOKARO,JHARKHAND,2019-2020,45989.0,44595.0,44595.0,8814.0,9740.0
BONGAIGAON,ASSAM,2017-2018,14523.0,14004.0,13267.0,440.0,1249.0
BONGAIGAON,ASSAM,2018-2019,14556.0,14279.0,14273.0,599.0,1758.0
BONGAIGAON,ASSAM,2019-2020,13882.0,13429.0,13309.0,333.0,1373.0
BOTAD,GUJARAT,2017-2018,16451.0,16159.0,16159.0,668.0,2362.0
BOTAD,GUJARAT,2018-2019,14218.0,14218.0,14218.0,0.0,2131.0
BOTAD,GUJARAT,2019-2020,12870.0,11934.0,11766.0,0.0,2338.0
BRIHAN MUMBAI,MAHARASHTRA,2017-2018,180702.0,180653.0,180653.0,69386.0,174429.0
BRIHAN MUMBAI,MAHARASHTRA,2018-2019,168488.0,162557.0,162557.0,68762.0,162395.0
BRIHAN MUMBAI,MAHARASHTRA,2019-2020,174405.0,172880.0,172880.0,70921.0,168821.0
BUDAUN,UTTAR PRADESH,2017-2018,89522.0,85846.0,85509.0,0.0,3940.0
BUDAUN,UTTAR PRADESH,2018-2019,74843.0,66728.0,64227.0,12.0,3234.0
BUDAUN,UTTAR PRADESH,2019-2020,88266.0,82792.0,80819.0,218.0,4406.0
BULANDSHAHAR,UTTAR PRADESH,2017-2018,92050.0,89298.0,89298.0,0.0,9235.0
BULANDSHAHAR,UTTAR PRADESH,2018-2019,90272.0,83648.0,82600.0,0.0,8480.0
BULANDSHAHAR,UTTAR PRADESH,2019-2020,101655.0,99336.0,99336.0,0.0,9684.0
BULDANA,MAHARASHTRA,2017-2018,46644.0,45624.0,45624.0,1033.0,9956.0
BULDANA,MAHARASHTRA,2018-2019,46829.0,44509.0,44509.0,2032.0,9174.0
BULDANA,MAHARASHTRA,2019-2020,46979.0,46930.0,46930.0,285.0,9534.0
BUNDI,RAJASTHAN,2017-2018,21954.0,21654.0,21272.0,0.0,1089.0
BUNDI,RAJASTHAN,2018-2019,21344.0,20872.0,20676.0,0.0,828.0
BUNDI,RAJASTHAN,2019-2020,20577.0,20104.0,19850.0,33.0,870.0
BURHANPUR,MADHYA PRADESH,2017-2018,17883.0,17436.0,17436.0,77.0,640.0
BURHANPUR,MADHYA PRADESH,2018-2019,20233.0,19401.0,18965.0,77.0,1288.0
BURHANPUR,MADHYA PRADESH,2019-2020,18616.0,18064.0,17850.0,95.0,733.0
BUXAR,BIHAR,2017-2018,39858.0,39582.0,38436.0,0.0,8729.0
BUXAR,BIHAR,2018-2019,40365.0,40029.0,37529.0,0.0,9160.0
BUXAR,BIHAR,2019-2020,40325.0,40325.0,40176.0,0.0,9745.0
C S M NAGAR,UTTAR PRADESH,2017-2018,45508.0,43508.0,43301.0,0.0,0.0
C S M NAGAR,UTTAR PRADESH,2018-2019,45224.0,42961.0,42961.0,0.0,0.0
C S M NAGAR,UTTAR PRADESH,2019-2020,49271.0,48541.0,48541.0,0.0,0.0
CACHAR,ASSAM,2017-2018,36806.0,36211.0,36211.0,1223.0,3131.0
CACHAR,ASSAM,2018-2019,40262.0,39937.0,39924.0,1299.0,3196.0
CACHAR,ASSAM,2019-2020,41118.0,40108.0,39906.0,2119.0,3424.0
CENTRAL,DELHI,2017-2018,31401.0,29654.0,29513.0,1542.0,23367.0
CENTRAL,DELHI,2018-2019,31791.0,29179.0,28791.0,1682.0,24167.0
CENTRAL,DELHI,2019-2020,30324.0,29573.0,29250.0,1694.0,24162.0
CHAMBA,HIMACHAL PRADESH,2017-2018,9106.0,8963.0,8824.0,0.0,0.0
CHAMBA,HIMACHAL PRADESH,2018-2019,8878.0,8682.0,8575.0,0.0,0.0
CHAMBA,HIMACHAL PRADESH,2019-2020,8942.0,8942.0,8942.0,0.0,0.0
CHAMOLI,UTTARAKHAND,2017-2018,6229.0,6229.0,6229.0,0.0,0.0
CHAMOLI,UTTARAKHAND,2018-2019,5994.0,5994.0,5994.0,0.0,0.0
CHAMOLI,UTTARAKHAND,2019-2020,5641.0,5573.0,5573.0,0.0,0.0
CHAMPAWAT,UTTARAKHAND,2017-2018,3853.0,3850.0,3761.0,0.0,0.0
CHAMPAWAT,UTTARAKHAND,2018-2019,3651.0,3651.0,3651.0,0.0,0.0
CHAMPAWAT,UTTARAKHAND,2019-2020,3674.0,3659.0,3607.0,0.0,0.0
CHAMPHAI,MIZORAM,2017-2018,2162.0,2122.0,2067.0,0.0,0.0
CHAMPHAI,MIZORAM,2018-2019,2250.0,2250.0,2250.0,0.0,0.0
CHAMPHAI,MIZORAM,2019-2020,2338.0,2316.0,2307.0,0.0,0.0
CHAMRAJNAGAR,KARNATAKA,2017-2018,13556.0,13324.0,13324.0,485.0,1085.0
CHAMRAJNAGAR,KARNATAKA,2018-2019,12431.0,12257.0,12039.0,306.0,802.0
CHAMRAJNAGAR,KARNATAKA,2019-2020,11901.0,11599.0,11488.0,230.0,779.0
CHANDAULI,UTTAR PRADESH,2017-2018,47925.0,47030.0,47030.0,0.0,437.0
CHANDAULI,UTTAR PRADESH,2018-2019,53662.0,52290.0,52290.0,0.0,847.0
CHANDAULI,UTTAR PRADESH,2019-2020,55369.0,55369.0,55369.0,0.0,1336.0
CHANDEL,MANIPUR,2017-2018,1266.0,1173.0,1173.0,0.0,0.0
CHANDEL,MANIPUR,2018-2019,1303.0,1106.0,1019.0,0.0,0.0
CHANDEL,MANIPUR,2019-2020,1475.0,1390.0,1369.0,0.0,0.0
CHANDIGARH,CHANDIGARH,2017-2018,16256.0,15142.0,14942.0,0.0,11652.0
CHANDIGARH,CHANDIGARH,2018-2019,18729.0,17467.0,17467.0,0.0,14207.0
CHANDIGARH,CHANDIGARH,2019-2020,16799.0,15716.0,15716.0,0.0,14095.0
CHANDRAPUR,MAHARASHTRA,2017-2018,32188.0,31502.0,31502.0,702.0,10038.0
CHANDRAPUR,MAHARASHTRA,2018-2019,32239.0,31432.0,31432.0,661.0,9809.0
CHANDRAPUR,MAHARASHTRA,2019-2020,33462.0,32422.0,32422.0,1135.0,9242.0
CHANGLANG,ARUNACHAL PRADESH,2017-2018,2599.0,2361.0,2220.0,0.0,0.0
CHANGLANG,ARUNACHAL PRADESH,2018-2019,2809.0,2592.0,2404.0,0.0,0.0
CHANGLANG,ARUNACHAL PRADESH,2019-2020,2558.0,2233.0,2072.0,0.0,0.0
CHARKHI DADRI,HARYANA,2017-2018,6600.0,6218.0,5998.0,0.0,565.0
CHARKHI DADRI,HARYANA,2018-2019,7562.0,7211.0,7006.0,0.0,781.0
CHARKHI DADRI,HARYANA,2019-2020,7953.0,7447.0,7447.0,0.0,994.0
CHATRA,JHARKHAND,2017-2018,26813.0,25629.0,24507.0,0.0,0.0
CHATRA,JHARKHAND,2018-2019,27385.0,25910.0,24498.0,0.0,0.0
CHATRA,JHARKHAND,2019-2020,26636.0,25946.0,25178.0,0.0,0.0
CHENNAI,TAMIL NADU,2017-2018,77605.0,77605.0,77605.0,15677.0,77605.0
CHENNAI,TAMIL NADU,2018-2019,83303.0,83222.0,83222.0,13775.0,83303.0
CHENNAI,TAMIL NADU,2019-2020,83918.0,83182.0,83182.0,14596.0,83918.0
CHHATARPUR,MADHYA PRADESH,2017-2018,43735.0,41768.0,41768.0,497.0,846.0
CHHATARPUR,MADHYA PRADESH,2018-2019,45147.0,44008.0,44008.0,420.0,969.0
CHHATARPUR,MADHYA PRADESH,2019-2020,47880.0,46795.0,46795.0,439.0,706.0
CHHINDWADA,MADHYA PRADESH,2017-2018,34866.0,34830.0,34740.0,41.0,1590.0
CHHINDWADA,MADHYA PRADESH,2018-2019,36458.0,35726.0,35151.0,922.0,2642.0
CHHINDWADA,MADHYA PRADESH,2019-2020,36191.0,36191.0,36191.0,0.0,1684.0
CHHOTAUDEPUR,GUJARAT,2017-2018,20513.0,20104.0,19858.0,0.0,251.0
CHHOTAUDEPUR,GUJARAT,2018-2019,20623.0,20223.0,20183.0,58.0,605.0
CHHOTAUDEPUR,GUJARAT,2019-2020,21872.0,21799.0,21799.0,0.0,485.0
CHIKKABALLAPUR,KARNATAKA,2017-2018,19322.0,18544.0,18544.0,231.0,1819.0
CHIKKABALLAPUR,KARNATAKA,2018-2019,18903.0,18016.0,18016.0,182.0,1578.0
CHIKKABALLAPUR,KARNATAKA,2019-2020,18790.0,18134.0,18134.0,97.0,1470.0
CHIKMAGALUR,KARNATAKA,2017-2018,15584.0,14788.0,14788.0,484.0,891.0
CHIKMAGALUR,KARNATAKA,2018-2019,15965.0,15407.0,15407.0,585.0,1338.0
CHIKMAGALUR,KARNATAKA,2019-2020,15060.0,14236.0,14236.0,658.0,1421.0
CHIRANG,ASSAM,2017-2018,8973.0,8859.0,8494.0,0.0,0.0
CHIRANG,ASSAM,2018-2019,8516.0,8354.0,8273.0,0.0,0.0
CHIRANG,ASSAM,2019-2020,8358.0,8192.0,8045.0,5.0,0.0
CHITRADURGA,KARNATAKA,2017-2018,27814.0,27085.0,27069.0,491.0,3282.0
CHITRADURGA,KARNATAKA,2018-2019,26915.0,26618.0,26618.0,714.0,3439.0
CHITRADURGA,KARNATAKA,2019-2020,27439.0,26821.0,26821.0,311.0,3348.0
CHITRAKOOT,UTTAR PRADESH,2017-2018,25087.0,25025.0,25025.0,0.0,1197.0
CHITRAKOOT,UTTAR PRADESH,2018-2019,24311.0,23419.0,23419.0,0.0,1250.0
CHITRAKOOT,UTTAR PRADESH,2019-2020,26145.0,25915.0,25915.0,0.0,1090.0
CHITTAURGARH,RAJASTHAN,2017-2018,29781.0,29339.0,29339.0,0.0,1526.0
CHITTAURGARH,RAJASTHAN,2018-2019,29456.0,28972.0,28972.0,0.0,1571.0
CHITTAURGARH,RAJASTHAN,2019-2020,27948.0,27287.0,27241.0,0.0,1610.0
CHITTOOR,ANDHRA PRADESH,2017-2018,65183.0,65178.0,65178.0,0.0,6015.0
CHITTOOR,ANDHRA PRADESH,2018-2019,67206.0,67038.0,67038.0,0.0,8626.0
CHITTOOR,ANDHRA PRADESH,2019-2020,66256.0,66256.0,66256.0,73.0,10407.0
CHURACHANDPUR,MANIPUR,2017-2018,4223.0,4118.0,4041.0,49.0,49.0
CHURACHANDPUR,MANIPUR,2018-2019,4025.0,4025.0,3354.0,11.0,11.0
CHURACHANDPUR,MANIPUR,2019-2020,3984.0,3567.0,3276.0,0.0,0.0
CHURU,RAJASTHAN,2017-2018,42864.0,41986.0,41628.0,0.0,7754.0
CHURU,RAJASTHAN,2018-2019,40255.0,39439.0,39163.0,0.0,8384.0
CHURU,RAJASTHAN,2019-2020,38433.0,37801.0,37238.0,0.0,7396.0
COIMBATORE,TAMIL NADU,2017-2018,47451.0,47021.0,47021.0,8667.0,25199.0
COIMBATORE,TAMIL NADU,2018-2019,44753.0,44668.0,44357.0,4551.0,21862.0
COIMBATORE,TAMIL NADU,2019-2020,54076.0,54076.0,53205.0,8459.0,29444.0
CUDDALORE,TAMIL NADU,2017-2018,32676.0,32599.0,32061.0,680.0,5968.0
CUDDALORE,TAMIL NADU,2018-2019,33557.0,33303.0,33154.0,808.0,5417.0
CUDDALORE,TAMIL NADU,2019-2020,30504.0,30504.0,30504.0,647.0,4795.0
CUDDAPAH,ANDHRA PRADESH,2017-2018,58063.0,56490.0,56490.0,3879.0,14208.0
CUDDAPAH,ANDHRA PRADESH,2018-2019,53883.0,53201.0,53048.0,251.0,10880.0
CUDDAPAH,ANDHRA PRADESH,2019-2020,49642.0,49023.0,49023.0,0.0,9433.0
CUTTACK,ODISHA,2017-2018,35983.0,35251.0,34932.0,0.0,5413.0
CUTTACK,ODISHA,2018-2019,35919.0,35077.0,34911.0,68.0,5786.0
CUTTACK,ODISHA,2019-2020,35191.0,34465.0,34360.0,131.0,5818.0
DADRA AND NAGAR HAVELI,DADRA & NAGAR HAVELI,2017-2018,7529.0,7529.0,7529.0,455.0,1927.0
DADRA AND NAGAR HAVELI,DADRA & NAGAR HAVELI,2018-2019,7583.0,7583.0,7583.0,353.0,1909.0
DADRA AND NAGAR HAVELI,DADRA & NAGAR HAVELI,2019-2020,7512.0,7414.0,7414.0,370.0,2027.0
DAHOD,GUJARAT,2017-2018,61945.0,60756.0,60159.0,344.0,2842.0
DAHOD,GUJARAT,2018-2019,64491.0,62254.0,62254.0,0.0,2561.0
DAHOD,GUJARAT,2019-2020,62775.0,61186.0,61186.0,0.0,1897.0
DAKSHIN DINAJPUR,WEST BENGAL,2017-2018,25796.0,25350.0,25318.0,149.0,1511.0
DAKSHIN DINAJPUR,WEST BENGAL,2018-2019,25756.0,24985.0,24663.0,0.0,913.0
DAKSHIN DINAJPUR,WEST BENGAL,2019-2020,25846.0,25224.0,25070.0,0.0,881.0
DAKSHINA KANNADA,KARNATAKA,2017-2018,34734.0,33068.0,32428.0,4374.0,7453.0
DAKSHINA KANNADA,KARNATAKA,2018-2019,33002.0,31447.0,31008.0,4102.0,7309.0
DAKSHINA KANNADA,KARNATAKA,2019-2020,31718.0,29997.0,29443.0,3741.0,7724.0
DAMAN,DAMAN & DIU,2017-2018,2943.0,2906.0,2906.0,0.0,789.0
DAMAN,DAMAN & DIU,2018-2019,3942.0,3942.0,3942.0,0.0,1146.0
DAMAN,DAMAN & DIU,2019-2020,3731.0,3626.0,3626.0,0.0,1330.0
DAMOH,MADHYA PRADESH,2017-2018,27254.0,26781.0,26284.0,0.0,1609.0
DAMOH,MADHYA PRADESH,2018-2019,28554.0,27841.0,27465.0,0.0,2084.0
DAMOH,MADHYA PRADESH,2019-2020,28655.0,28559.0,28559.0,24.0,1578.0
DANTEWADA,CHHATTISGARH,2017-2018,6242.0,6222.0,6068.0,0.0,0.0
DANTEWADA,CHHATTISGARH,2018-2019,6618.0,6561.0,6543.0,0.0,0.0
DANTEWADA,CHHATTISGARH,2019-2020,6632.0,6625.0,6625.0,0.0,0.0
DARBHANGA,BIHAR,2017-2018,101791.0,98139.0,91797.0,0.0,13328.0
DARBHANGA,BIHAR,2018-2019,108810.0,103031.0,96168.0,2937.0,12571.0
DARBHANGA,BIHAR,2019-2020,107265.0,107265.0,101524.0,0.0,14551.0
DARJILING,WEST BENGAL,2017-2018,24881.0,24413.0,24183.0,0.0,7955.0
DARJILING,WEST BENGAL,2018-2019,24381.0,23548.0,23009.0,0.0,7001.0
DARJILING,WEST BENGAL,2019-2020,24353.0,23883.0,23337.0,0.0,6917.0
DARRANG,ASSAM,2017-2018,19829.0,19408.0,19363.0,67.0,0.0
DARRANG,ASSAM,2018-2019,19533.0,19312.0,19155.0,88.0,0.0
DARRANG,ASSAM,2019-2020,20221.0,20208.0,20208.0,69.0,0.0
DATIA,MADHYA PRADESH,2017-2018,13170.0,12698.0,12186.0,0.0,1757.0
DATIA,MADHYA PRADESH,2018-2019,13609.0,13178.0,12859.0,0.0,1775.0
DATIA,MADHYA PRADESH,2019-2020,13948.0,13933.0,13658.0,0.0,1811.0
DAUSA,RAJASTHAN,2017-2018,31037.0,29865.0,29192.0,0.0,230.0
DAUSA,RAJASTHAN,2018-2019,30182.0,29183.0,28789.0,0.0,448.0
DAUSA,RAJASTHAN,2019-2020,30116.0,29002.0,28582.0,0.0,451.0
DAVANAGERE,KARNATAKA,2017-2018,36829.0,35194.0,35194.0,2622.0,8215.0
DAVANAGERE,KARNATAKA,2018-2019,34702.0,32766.0,32566.0,2707.0,7351.0
DAVANAGERE,KARNATAKA,2019-2020,33461.0,32532.0,32532.0,2478.0,7794.0
DEHRADUN,UTTARAKHAND,2017-2018,32780.0,29171.0,29126.0,6575.0,9612.0
DEHRADUN,UTTARAKHAND,2018-2019,31582.0,30045.0,30045.0,3927.0,6859.0
DEHRADUN,UTTARAKHAND,2019-2020,33358.0,32101.0,31797.0,4665.0,9077.0
DEOGARH,ODISHA,2017-2018,4990.0,4923.0,4881.0,0.0,0.0
DEOGARH,ODISHA,2018-2019,4871.0,4871.0,4871.0,0.0,0.0
DEOGARH,ODISHA,2019-2020,5026.0,5013.0,5013.0,0.0,0.0
DEOGHAR,JHARKHAND,2017-2018,36974.0,36091.0,35863.0,257.0,721.0
DEOGHAR,JHARKHAND,2018-2019,35525.0,34414.0,33192.0,78.0,405.0
DEOGHAR,JHARKHAND,2019-2020,37362.0,35884.0,34976.0,1502.0,1166.0
DEORIA,UTTAR PRADESH,2017-2018,70653.0,69918.0,69918.0,0.0,1428.0
DEORIA,UTTAR PRADESH,2018-2019,73024.0,69500.0,69500.0,0.0,1437.0
DEORIA,UTTAR PRADESH,2019-2020,77823.0,74606.0,74606.0,0.0,1904.0
DEVBHUMI DWARKA,GUJARAT,2017-2018,14250.0,14201.0,14192.0,0.0,2250.0
DEVBHUMI DWARKA,GUJARAT,2018-2019,13975.0,13379.0,13379.0,25.0,1952.0
DEVBHUMI DWARKA,GUJARAT,2019-2020,13088.0,12628.0,12499.0,2.0,1646.0
DEWAS,MADHYA PRADESH,2017-2018,32116.0,32116.0,31659.0,0.0,1245.0
DEWAS,MADHYA PRADESH,2018-2019,31860.0,31829.0,31235.0,0.0,632.0
DEWAS,MADHYA PRADESH,2019-2020,33327.0,33287.0,32976.0,0.0,804.0
DHALAI,TRIPURA,2017-2018,6670.0,6121.0,5588.0,0.0,258.0
DHALAI,TRIPURA,2018-2019,6810.0,6227.0,5716.0,0.0,255.0
DHALAI,TRIPURA,2019-2020,6773.0,6299.0,5958.0,0.0,311.0
DHAMTARI,CHHATTISGARH,2017-2018,13700.0,13531.0,12960.0,0.0,1124.0
DHAMTARI,CHHATTISGARH,2018-2019,14587.0,14206.0,14206.0,138.0,1739.0
DHAMTARI,CHHATTISGARH,2019-2020,13501.0,13482.0,13482.0,0.0,1616.0
DHANBAD,JHARKHAND,2017-2018,60330.0,59236.0,59236.0,17190.0,2094.0
DHANBAD,JHARKHAND,2018-2019,54285.0,53639.0,53366.0,11277.0,3888.0
DHANBAD,JHARKHAND,2019-2020,61160.0,60285.0,60285.0,15648.0,4445.0
DHAR,MADHYA PRADESH,2017-2018,46905.0,45533.0,45533.0,52.0,2075.0
DHAR,MADHYA PRADESH,2018-2019,52666.0,50372.0,50311.0,121.0,2164.0
DHAR,MADHYA PRADESH,2019-2020,55564.0,54555.0,54555.0,8.0,2201.0
DHARMAPURI,TAMIL NADU,2017-2018,23900.0,23864.0,23772.0,472.0,1568.0
DHARMAPURI,TAMIL NADU,2018-2019,24177.0,23980.0,23933.0,538.0,1598.0
DHARMAPURI,TAMIL NADU,2019-2020,24170.0,24005.0,23855.0,401.0,1329.0
DHARWAD,KARNATAKA,2017-2018,35321.0,35270.0,35270.0,1303.0,16707.0
DHARWAD,KARNATAKA,2018-2019,34576.0,34029.0,33340.0,344.0,16378.0
DHARWAD,KARNATAKA,2019-2020,35444.0,34506.0,34506.0,1236.0,17477.0
DHAULPUR,RAJASTHAN,2017-2018,29677.0,28620.0,28453.0,0.0,408.0
DHAULPUR,RAJASTHAN,2018-2019,29375.0,28805.0,28002.0,0.0,1763.0
DHAULPUR,RAJASTHAN,2019-2020,29193.0,28469.0,28469.0,0.0,2256.0
DHEMAJI,ASSAM,2017-2018,12702.0,12669.0,12366.0,0.0,0.0
DHEMAJI,ASSAM,2018-2019,12710.0,12690.0,12601.0,0.0,0.0
DHEMAJI,ASSAM,2019-2020,12772.0,12732.0,12705.0,0.0,0.0
DHENKANAL,ODISHA,2017-2018,18308.0,17856.0,17453.0,0.0,0.0
DHENKANAL,ODISHA,2018-2019,18577.0,18325.0,18202.0,0.0,576.0
DHENKANAL,ODISHA,2019-2020,18309.0,18309.0,18309.0,0.0,686.0
DHUBRI,ASSAM,2017-2018,48469.0,47140.0,45589.0,896.0,846.0
DHUBRI,ASSAM,2018-2019,47306.0,46354.0,45477.0,794.0,867.0
DHUBRI,ASSAM,2019-2020,48558.0,48021.0,47288.0,864.0,1111.0
DHULE,MAHARASHTRA,2017-2018,43775.0,42240.0,42240.0,0.0,9358.0
DHULE,MAHARASHTRA,2018-2019,44229.0,42536.0,39937.0,451.0,9888.0
DHULE,MAHARASHTRA,2019-2020,42549.0,40563.0,40455.0,0.0,8681.0
DIBANG VALLEY,ARUNACHAL PRADESH,2017-2018,70.0,61.0,61.0,0.0,0.0
DIBANG VALLEY,ARUNACHAL PRADESH,2018-2019,56.0,56.0,56.0,0.0,0.0
DIBANG VALLEY,ARUNACHAL PRADESH,2019-2020,65.0,65.0,65.0,0.0,0.0
DIBRUGARH,ASSAM,2017-2018,20319.0,19806.0,19423.0,4484.0,1928.0
DIBRUGARH,ASSAM,2018-2019,19852.0,19497.0,19119.0,4456.0,2011.0
DIBRUGARH,ASSAM,2019-2020,20525.0,20235.0,19911.0,4692.0,2066.0
DIMA HASAO,ASSAM,2017-2018,3927.0,3745.0,3629.0,0.0,0.0
DIMA HASAO,ASSAM,2018-2019,3602.0,3444.0,3289.0,0.0,0.0
DIMA HASAO,ASSAM,2019-2020,3807.0,3729.0,3627.0,0.0,0.0
DIMAPUR,NAGALAND,2017-2018,8104.0,7385.0,6823.0,1436.0,2978.0
DIMAPUR,NAGALAND,2018-2019,7086.0,6186.0,5846.0,1553.0,2650.0
DIMAPUR,NAGALAND,2019-2020,7583.0,6600.0,6099.0,1689.0,2739.0
DINDIGUL,TAMIL NADU,2017-2018,25857.0,25803.0,25764.0,909.0,3542.0
DINDIGUL,TAMIL NADU,2018-2019,25812.0,25759.0,25759.0,922.0,3467.0
DINDIGUL,TAMIL NADU,2019-2020,25969.0,25893.0,25893.0,759.0,3361.0
DINDORI,MADHYA PRADESH,2017-2018,15743.0,15695.0,15670.0,0.0,0.0
DINDORI,MADHYA PRADESH,2018-2019,16466.0,16219.0,16219.0,0.0,51.0
DINDORI,MADHYA PRADESH,2019-2020,16363.0,16363.0,16363.0,0.0,0.0
DIU,DAMAN & DIU,2017-2018,755.0,755.0,721.0,0.0,0.0
DIU,DAMAN & DIU,2018-2019,796.0,780.0,762.0,0.0,0.0
DIU,DAMAN & DIU,2019-2020,671.0,671.0,671.0,0.0,0.0
DODA,JAMMU & KASHMIR,2017-2018,8019.0,7513.0,7317.0,0.0,0.0
DODA,JAMMU & KASHMIR,2018-2019,7879.0,7209.0,6723.0,0.0,0.0
DODA,JAMMU & KASHMIR,2019-2020,8478.0,7927.0,7672.0,0.0,0.0
DUMKA,JHARKHAND,2017-2018,32378.0,32013.0,32013.0,87.0,207.0
DUMKA,JHARKHAND,2018-2019,32584.0,31469.0,30921.0,159.0,305.0
DUMKA,JHARKHAND,2019-2020,31998.0,31604.0,31501.0,83.0,205.0
DUNGARPUR,RAJASTHAN,2017-2018,31546.0,31328.0,31090.0,0.0,253.0
DUNGARPUR,RAJASTHAN,2018-2019,31854.0,31121.0,30653.0,0.0,246.0
DUNGARPUR,RAJASTHAN,2019-2020,32240.0,31563.0,31500.0,0.0,231.0
DURG,CHHATTISGARH,2017-2018,35177.0,33617.0,33617.0,8587.0,21288.0
DURG,CHHATTISGARH,2018-2019,32685.0,30194.0,29954.0,5781.0,18237.0
DURG,CHHATTISGARH,2019-2020,31622.0,31144.0,31144.0,5425.0,18061.0
EAST,DELHI,2017-2018,19336.0,19336.0,19336.0,276.0,17323.0
EAST,DELHI,2018-2019,20233.0,20233.0,19909.0,613.0,18046.0
EAST,DELHI,2019-2020,19354.0,19354.0,19259.0,504.0,17458.0
EAST,SIKKIM,2017-2018,3760.0,3737.0,3737.0,456.0,1344.0
EAST,SIKKIM,2018-2019,4131.0,3827.0,3827.0,499.0,1563.0
EAST,SIKKIM,2019-2020,3645.0,3609.0,3517.0,434.0,1158.0
EAST CHAMPARAN,BIHAR,2017-2018,148048.0,145970.0,137852.0,0.0,1382.0
EAST CHAMPARAN,BIHAR,2018-2019,146513.0,146040.0,138011.0,0.0,1194.0
EAST CHAMPARAN,BIHAR,2019-2020,155439.0,155439.0,149058.0,0.0,3962.0
EAST GARO HILLS,MEGHALAYA,2017-2018,4118.0,3975.0,3588.0,0.0,0.0
EAST GARO HILLS,MEGHALAYA,2018-2019,4051.0,3814.0,3463.0,0.0,0.0
EAST GARO HILLS,MEGHALAYA,2019-2020,4412.0,4361.0,3888.0,0.0,0.0
EAST GODAVARI,ANDHRA PRADESH,2017-2018,77512.0,77512.0,77512.0,0.0,12226.0
EAST GODAVARI,ANDHRA PRADESH,2018-2019,80308.0,80252.0,80252.0,0.0,12622.0
EAST GODAVARI,ANDHRA PRADESH,2019-2020,74895.0,74688.0,74688.0,0.0,11407.0
EAST JAINTIA HILLS,MEGHALAYA,2017-2018,4096.0,4077.0,3963.0,0.0,0.0
EAST JAINTIA HILLS,MEGHALAYA,2018-2019,4332.0,4107.0,3879.0,0.0,0.0
EAST JAINTIA HILLS,MEGHALAYA,2019-2020,4456.0,4345.0,4069.0,0.0,0.0
EAST KAMENG,ARUNACHAL PRADESH,2017-2018,1039.0,995.0,961.0,0.0,0.0
EAST KAMENG,ARUNACHAL PRADESH,2018-2019,1043.0,1014.0,1003.0,0.0,0.0
EAST KAMENG,ARUNACHAL PRADESH,2019-2020,994.0,830.0,809.0,0.0,0.0
EAST KHASI HILLS,MEGHALAYA,2017-2018,18215.0,16383.0,15804.0,2245.0,2605.0
EAST KHASI HILLS,MEGHALAYA,2018-2019,17610.0,15951.0,14914.0,2414.0,2803.0
EAST KHASI HILLS,MEGHALAYA,2019-2020,19778.0,17949.0,16974.0,2829.0,2917.0
EAST SIANG,ARUNACHAL PRADESH,2017-2018,1564.0,1530.0,1488.0,0.0,122.0
EAST SIANG,ARUNACHAL PRADESH,2018-2019,1626.0,1626.0,1582.0,0.0,140.0
EAST SIANG,ARUNACHAL PRADESH,2019-2020,1650.0,1588.0,1550.0,0.0,208.0
ERNAKULAM,KERALA,2017-2018,51798.0,51798.0,51798.0,13479.0,12585.0
ERNAKULAM,KERALA,2018-2019,42647.0,41286.0,41286.0,10199.0,10189.0
ERNAKULAM,KERALA,2019-2020,40511.0,39357.0,39357.0,9145.0,9819.0
ERODE,TAMIL NADU,2017-2018,24384.0,24368.0,24362.0,3774.0,9213.0
ERODE,TAMIL NADU,2018-2019,23894.0,23857.0,23737.0,2718.0,8103.0
ERODE,TAMIL NADU,2019-2020,24292.0,24287.0,24256.0,2285.0,7653.0
ETAH,UTTAR PRADESH,2017-2018,49637.0,48578.0,48578.0,0.0,1337.0
ETAH,UTTAR PRADESH,2018-2019,43653.0,39926.0,39926.0,0.0,1109.0
ETAH,UTTAR PRADESH,2019-2020,52473.0,49806.0,49806.0,0.0,1403.0
ETAWAH,UTTAR PRADESH,2017-2018,42472.0,40602.0,40602.0,0.0,3706.0
ETAWAH,UTTAR PRADESH,2018-2019,43467.0,41762.0,41762.0,403.0,4268.0
ETAWAH,UTTAR PRADESH,2019-2020,46191.0,42792.0,42792.0,1868.0,5500.0
FAIZABAD,UTTAR PRADESH,2017-2018,59081.0,54745.0,53425.0,0.0,3623.0
FAIZABAD,UTTAR PRADESH,2018-2019,59781.0,58837.0,58558.0,0.0,4392.0
FAIZABAD,UTTAR PRADESH,2019-2020,65371.0,64820.0,64409.0,0.0,4286.0
FARIDABAD,HARYANA,2017-2018,51460.0,49185.0,47497.0,6494.0,34902.0
FARIDABAD,HARYANA,2018-2019,51741.0,48427.0,46294.0,6805.0,33953.0
FARIDABAD,HARYANA,2019-2020,51231.0,50581.0,49532.0,6115.0,33303.0
FARIDKOT,PUNJAB,2017-2018,8358.0,7936.0,7936.0,15.0,1988.0
FARIDKOT,PUNJAB,2018-2019,8262.0,7722.0,7631.0,5.0,1871.0
FARIDKOT,PUNJAB,2019-2020,8208.0,7663.0,7543.0,5.0,1983.0
FARRUKHABAD,UTTAR PRADESH,2017-2018,53655.0,49405.0,48878.0,177.0,5498.0
FARRUKHABAD,UTTAR PRADESH,2018-2019,49910.0,44353.0,43381.0,210.0,4396.0
FARRUKHABAD,UTTAR PRADESH,2019-2020,53787.0,50544.0,49280.0,170.0,5360.0
FATEHABAD,HARYANA,2017-2018,16897.0,16125.0,15606.0,328.0,3946.0
FATEHABAD,HARYANA,2018-2019,16115.0,15731.0,15176.0,450.0,2589.0
FATEHABAD,HARYANA,2019-2020,16961.0,16906.0,16906.0,1610.0,3764.0
FATEHGARH SAHIB,PUNJAB,2017-2018,8163.0,7929.0,7889.0,23.0,1367.0
FATEHGARH SAHIB,PUNJAB,2018-2019,8027.0,8027.0,7835.0,32.0,1662.0
FATEHGARH SAHIB,PUNJAB,2019-2020,8048.0,7988.0,7973.0,31.0,1741.0
FATEHPUR,UTTAR PRADESH,2017-2018,61409.0,59502.0,59502.0,687.0,2853.0
FATEHPUR,UTTAR PRADESH,2018-2019,56878.0,53747.0,53730.0,742.0,2407.0
FATEHPUR,UTTAR PRADESH,2019-2020,67013.0,64114.0,63693.0,795.0,3162.0
FAZILKA,PUNJAB,2017-2018,14099.0,13423.0,13347.0,0.0,3634.0
FAZILKA,PUNJAB,2018-2019,14264.0,13649.0,13428.0,0.0,3656.0
FAZILKA,PUNJAB,2019-2020,14085.0,13389.0,12914.0,0.0,3507.0
FIROZABAD,UTTAR PRADESH,2017-2018,58100.0,57799.0,57799.0,0.0,15868.0
FIROZABAD,UTTAR PRADESH,2018-2019,62197.0,59753.0,58950.0,0.0,18101.0
FIROZABAD,UTTAR PRADESH,2019-2020,73226.0,69118.0,67793.0,0.0,21712.0
FIROZPUR,PUNJAB,2017-2018,14003.0,13331.0,12996.0,508.0,1651.0
FIROZPUR,PUNJAB,2018-2019,13757.0,13320.0,12781.0,413.0,1534.0
FIROZPUR,PUNJAB,2019-2020,14296.0,13670.0,13636.0,451.0,1772.0
GADAG,KARNATAKA,2017-2018,20001.0,19693.0,19693.0,75.0,2697.0
GADAG,KARNATAKA,2018-2019,20001.0,19526.0,19526.0,28.0,2345.0
GADAG,KARNATAKA,2019-2020,20294.0,19900.0,19900.0,55.0,2913.0
GADCHIROLI,MAHARASHTRA,2017-2018,17249.0,17047.0,17047.0,67.0,0.0
GADCHIROLI,MAHARASHTRA,2018-2019,17887.0,17887.0,17887.0,54.0,622.0
GADCHIROLI,MAHARASHTRA,2019-2020,17196.0,17196.0,17196.0,26.0,789.0
GAJAPATI,ODISHA,2017-2018,11189.0,11112.0,10730.0,0.0,420.0
GAJAPATI,ODISHA,2018-2019,11057.0,10743.0,10680.0,0.0,350.0
GAJAPATI,ODISHA,2019-2020,10856.0,10856.0,10856.0,0.0,465.0
GANDERBAL,JAMMU & KASHMIR,2017-2018,5236.0,5236.0,5233.0,0.0,0.0
GANDERBAL,JAMMU & KASHMIR,2018-2019,5561.0,5205.0,5205.0,0.0,0.0
GANDERBAL,JAMMU & KASHMIR,2019-2020,5573.0,5563.0,5500.0,0.0,0.0
GANDHINAGAR,GUJARAT,2017-2018,30177.0,29801.0,29603.0,60.0,5395.0
GANDHINAGAR,GUJARAT,2018-2019,30237.0,29318.0,29318.0,0.0,5118.0
GANDHINAGAR,GUJARAT,2019-2020,30329.0,29896.0,29689.0,24.0,6751.0
GANGANAGAR,RAJASTHAN,2017-2018,36685.0,35592.0,35102.0,3648.0,3883.0
GANGANAGAR,RAJASTHAN,2018-2019,32341.0,31255.0,31255.0,1369.0,3790.0
GANGANAGAR,RAJASTHAN,2019-2020,31643.0,30256.0,29862.0,980.0,4156.0
GANJAM,ODISHA,2017-2018,54817.0,53782.0,52264.0,2934.0,3986.0
GANJAM,ODISHA,2018-2019,54024.0,53212.0,52828.0,2479.0,3832.0
GANJAM,ODISHA,2019-2020,53517.0,53517.0,53517.0,2739.0,4460.0
GARHWA,JHARKHAND,2017-2018,34389.0,32986.0,32578.0,0.0,0.0
GARHWA,JHARKHAND,2018-2019,34626.0,32668.0,31285.0,0.0,69.0
GARHWA,JHARKHAND,2019-2020,35315.0,33753.0,32786.0,0.0,61.0
GARHWAL,UTTARAKHAND,2017-2018,8492.0,8492.0,8337.0,0.0,494.0
GARHWAL,UTTARAKHAND,2018-2019,8580.0,8524.0,8524.0,0.0,582.0
GARHWAL,UTTARAKHAND,2019-2020,8510.0,8510.0,8510.0,0.0,667.0
GARIYABAND,CHHATTISGARH,2017-2018,11753.0,11582.0,11582.0,0.0,0.0
GARIYABAND,CHHATTISGARH,2018-2019,12222.0,11910.0,11760.0,0.0,0.0
GARIYABAND,CHHATTISGARH,2019-2020,11888.0,11780.0,11780.0,0.0,0.0
GAUTAM BUDDHA NAGAR,UTTAR PRADESH,2017-2018,52894.0,51447.0,51332.0,289.0,13238.0
GAUTAM BUDDHA NAGAR,UTTAR PRADESH,2018-2019,54240.0,52756.0,52756.0,1202.0,14900.0
GAUTAM BUDDHA NAGAR,UTTAR PRADESH,2019-2020,59925.0,59042.0,58730.0,3240.0,16911.0
GAYA,BIHAR,2017-2018,110089.0,110089.0,107084.0,0.0,1482.0
GAYA,BIHAR,2018-2019,109368.0,109242.0,104917.0,0.0,1621.0
GAYA,BIHAR,2019-2020,112522.0,112464.0,108533.0,0.0,1749.0
GHAZIABAD,UTTAR PRADESH,2017-2018,89443.0,88412.0,88412.0,2834.0,55167.0
GHAZIABAD,UTTAR PRADESH,2018-2019,94424.0,87671.0,87671.0,13487.0,50792.0
GHAZIABAD,UTTAR PRADESH,2019-2020,101231.0,99365.0,99365.0,2489.0,65014.0
GHAZIPUR,UTTAR PRADESH,2017-2018,83517.0,82564.0,82564.0,0.0,119.0
GHAZIPUR,UTTAR PRADESH,2018-2019,91882.0,88140.0,88140.0,8.0,346.0
GHAZIPUR,UTTAR PRADESH,2019-2020,101775.0,98733.0,98733.0,0.0,1236.0
GIR SOMNATH,GUJARAT,2017-2018,22856.0,22259.0,22259.0,0.0,4925.0
GIR SOMNATH,GUJARAT,2018-2019,22372.0,22082.0,22019.0,0.0,4722.0
GIR SOMNATH,GUJARAT,2019-2020,20779.0,20323.0,20057.0,0.0,3399.0
GIRIDIH,JHARKHAND,2017-2018,63316.0,61579.0,61137.0,0.0,1171.0
GIRIDIH,JHARKHAND,2018-2019,59473.0,57089.0,56057.0,0.0,1519.0
GIRIDIH,JHARKHAND,2019-2020,60845.0,59603.0,58253.0,0.0,1429.0
GOALPARA,ASSAM,2017-2018,23744.0,23255.0,22640.0,0.0,1342.0
GOALPARA,ASSAM,2018-2019,22646.0,22452.0,22452.0,10.0,1257.0
GOALPARA,ASSAM,2019-2020,22398.0,22178.0,22042.0,338.0,1370.0
GODDA,JHARKHAND,2017-2018,33262.0,31869.0,31697.0,156.0,0.0
GODDA,JHARKHAND,2018-2019,33392.0,31253.0,30079.0,184.0,0.0
GODDA,JHARKHAND,2019-2020,35435.0,34868.0,33835.0,167.0,241.0
GOLAGHAT,ASSAM,2017-2018,17329.0,16835.0,16310.0,59.0,0.0
GOLAGHAT,ASSAM,2018-2019,17114.0,16683.0,16235.0,56.0,0.0
GOLAGHAT,ASSAM,2019-2020,17153.0,16836.0,16316.0,28.0,0.0
GOMATI,TRIPURA,2017-2018,6311.0,5975.0,5764.0,0.0,649.0
GOMATI,TRIPURA,2018-2019,6496.0,6313.0,5998.0,0.0,736.0
GOMATI,TRIPURA,2019-2020,6307.0,6188.0,5992.0,0.0,668.0
GONDA,UTTAR PRADESH,2017-2018,97598.0,94755.0,94755.0,0.0,1340.0
GONDA,UTTAR PRADESH,2018-2019,86416.0,79692.0,78750.0,0.0,729.0
GONDA,UTTAR PRADESH,2019-2020,101318.0,98389.0,98365.0,0.0,1520.0
GONDIYA,MAHARASHTRA,2017-2018,19370.0,19202.0,19202.0,480.0,1673.0
GONDIYA,MAHARASHTRA,2018-2019,19361.0,19173.0,19173.0,219.0,1710.0
GONDIYA,MAHARASHTRA,2019-2020,18913.0,18600.0,18600.0,248.0,2107.0
GOPALGANJ,BIHAR,2017-2018,71408.0,69123.0,66453.0,0.0,4749.0
GOPALGANJ,BIHAR,2018-2019,70647.0,69239.0,68816.0,0.0,4593.0
GOPALGANJ,BIHAR,2019-2020,65839.0,65839.0,64235.0,0.0,4581.0
GORAKHPUR,UTTAR PRADESH,2017-2018,114046.0,109736.0,109736.0,0.0,13837.0
GORAKHPUR,UTTAR PRADESH,2018-2019,113809.0,106406.0,103593.0,4626.0,16321.0
GORAKHPUR,UTTAR PRADESH,2019-2020,116162.0,111148.0,111148.0,952.0,15955.0
GULBARGA,KARNATAKA,2017-2018,62402.0,60987.0,60987.0,4351.0,11604.0
GULBARGA,KARNATAKA,2018-2019,60297.0,59131.0,59131.0,4732.0,14356.0
GULBARGA,KARNATAKA,2019-2020,62142.0,60832.0,60832.0,4886.0,17248.0
GUMLA,JHARKHAND,2017-2018,25345.0,25296.0,25104.0,286.0,0.0
GUMLA,JHARKHAND,2018-2019,23178.0,23158.0,23158.0,206.0,0.0
GUMLA,JHARKHAND,2019-2020,23760.0,23629.0,23165.0,183.0,0.0
GUNA,MADHYA PRADESH,2017-2018,30342.0,28547.0,28270.0,0.0,3470.0
GUNA,MADHYA PRADESH,2018-2019,31351.0,30054.0,29372.0,0.0,3945.0
GUNA,MADHYA PRADESH,2019-2020,30893.0,30008.0,29982.0,0.0,4300.0
GUNTUR,ANDHRA PRADESH,2017-2018,75018.0,74358.0,74358.0,0.0,24866.0
GUNTUR,ANDHRA PRADESH,2018-2019,77483.0,76679.0,76679.0,0.0,26166.0
GUNTUR,ANDHRA PRADESH,2019-2020,73800.0,73129.0,73129.0,0.0,25067.0
GURDASPUR,PUNJAB,2017-2018,22748.0,22571.0,22084.0,266.0,3186.0
GURDASPUR,PUNJAB,2018-2019,22861.0,22392.0,22211.0,235.0,3380.0
GURDASPUR,PUNJAB,2019-2020,22626.0,22282.0,21925.0,76.0,3245.0
GURUGRAM,HARYANA,2017-2018,48624.0,48624.0,48624.0,5747.0,30559.0
GURUGRAM,HARYANA,2018-2019,45964.0,45964.0,45964.0,3594.0,24759.0
GURUGRAM,HARYANA,2019-2020,49368.0,49368.0,49368.0,4795.0,28515.0
GWALIOR,MADHYA PRADESH,2017-2018,37405.0,35847.0,35170.0,1010.0,17939.0
GWALIOR,MADHYA PRADESH,2018-2019,39830.0,37191.0,35819.0,1603.0,18603.0
GWALIOR,MADHYA PRADESH,2019-2020,41227.0,40229.0,39234.0,2968.0,19541.0
HAILAKANDI,ASSAM,2017-2018,16070.0,15663.0,15435.0,0.0,0.0
HAILAKANDI,ASSAM,2018-2019,16195.0,15738.0,15429.0,0.0,0.0
HAILAKANDI,ASSAM,2019-2020,16816.0,16558.0,16329.0,0.0,0.0
HAMIRPUR,HIMACHAL PRADESH,2017-2018,6731.0,6670.0,6650.0,16.0,0.0
HAMIRPUR,HIMACHAL PRADESH,2018-2019,6883.0,6760.0,6760.0,15.0,0.0
HAMIRPUR,HIMACHAL PRADESH,2019-2020,6508.0,6357.0,6357.0,3.0,0.0
HAMIRPUR,UTTAR PRADESH,2017-2018,23874.0,23064.0,23064.0,0.0,946.0
HAMIRPUR,UTTAR PRADESH,2018-2019,24638.0,22946.0,22946.0,0.0,994.0
HAMIRPUR,UTTAR PRADESH,2019-2020,24170.0,23534.0,23534.0,0.0,1160.0
HANUMANGARH,RAJASTHAN,2017-2018,39653.0,39394.0,39228.0,2710.0,3703.0
HANUMANGARH,RAJASTHAN,2018-2019,37418.0,37222.0,36951.0,4831.0,6273.0
HANUMANGARH,RAJASTHAN,2019-2020,31666.0,31596.0,31508.0,3996.0,5865.0
HAORA,WEST BENGAL,2017-2018,64629.0,63562.0,62813.0,2434.0,10829.0
HAORA,WEST BENGAL,2018-2019,67128.0,65227.0,64464.0,3201.0,11465.0
HAORA,WEST BENGAL,2019-2020,64526.0,63019.0,62517.0,1197.0,9984.0
HAPUR,UTTAR PRADESH,2017-2018,29977.0,29168.0,29087.0,0.0,7020.0
HAPUR,UTTAR PRADESH,2018-2019,35513.0,33850.0,33665.0,872.0,8639.0
HAPUR,UTTAR PRADESH,2019-2020,35695.0,34354.0,33703.0,635.0,8066.0
HARDA,MADHYA PRADESH,2017-2018,10031.0,9367.0,9114.0,0.0,218.0
HARDA,MADHYA PRADESH,2018-2019,10880.0,10696.0,10427.0,0.0,308.0
HARDA,MADHYA PRADESH,2019-2020,11005.0,10812.0,10532.0,0.0,318.0
HARDOI,UTTAR PRADESH,2017-2018,102029.0,98842.0,98842.0,0.0,3595.0
HARDOI,UTTAR PRADESH,2018-2019,94513.0,87059.0,86382.0,0.0,3313.0
HARDOI,UTTAR PRADESH,2019-2020,110973.0,105805.0,105805.0,0.0,4876.0
HARDWAR,UTTARAKHAND,2017-2018,45983.0,44678.0,44405.0,7206.0,15033.0
HARDWAR,UTTARAKHAND,2018-2019,42897.0,42295.0,42295.0,4531.0,7068.0
HARDWAR,UTTARAKHAND,2019-2020,40103.0,39209.0,38954.0,1411.0,6866.0
HASSAN,KARNATAKA,2017-2018,24782.0,24544.0,24082.0,1218.0,2385.0
HASSAN,KARNATAKA,2018-2019,24228.0,24113.0,23543.0,1545.0,2809.0
HASSAN,KARNATAKA,2019-2020,23881.0,23115.0,22870.0,2048.0,3121.0
HATHRAS,UTTAR PRADESH,2017-2018,35514.0,33836.0,33780.0,0.0,1869.0
HATHRAS,UTTAR PRADESH,2018-2019,36739.0,35134.0,35134.0,0.0,1997.0
HATHRAS,UTTAR PRADESH,2019-2020,39941.0,39539.0,39539.0,0.0,2819.0
HAVERI,KARNATAKA,2017-2018,31744.0,30612.0,30612.0,83.0,3562.0
HAVERI,KARNATAKA,2018-2019,30828.0,29567.0,29567.0,277.0,3069.0
HAVERI,KARNATAKA,2019-2020,29315.0,28103.0,28103.0,488.0,3348.0
HAZARIBAGH,JHARKHAND,2017-2018,40495.0,38419.0,37947.0,0.0,1579.0
HAZARIBAGH,JHARKHAND,2018-2019,41112.0,39835.0,38910.0,0.0,1518.0
HAZARIBAGH,JHARKHAND,2019-2020,41122.0,40514.0,39910.0,0.0,1698.0
HINGOLI,MAHARASHTRA,2017-2018,23361.0,22631.0,22148.0,0.0,1175.0
HINGOLI,MAHARASHTRA,2018-2019,23794.0,22941.0,22727.0,0.0,2816.0
HINGOLI,MAHARASHTRA,2019-2020,24144.0,23833.0,23776.0,0.0,3382.0
HISAR,HARYANA,2017-2018,32260.0,31867.0,31651.0,1959.0,8305.0
HISAR,HARYANA,2018-2019,33191.0,32035.0,31845.0,2769.0,9193.0
HISAR,HARYANA,2019-2020,32299.0,30735.0,30735.0,2380.0,8697.0
HOSHANGABAD,MADHYA PRADESH,2017-2018,20920.0,20666.0,20666.0,0.0,3825.0
HOSHANGABAD,MADHYA PRADESH,2018-2019,23471.0,23457.0,23457.0,127.0,4747.0
HOSHANGABAD,MADHYA PRADESH,2019-2020,24722.0,24722.0,24722.0,0.0,4641.0
HOSHIARPUR,PUNJAB,2017-2018,21955.0,21592.0,21174.0,0.0,1116.0
HOSHIARPUR,PUNJAB,2018-2019,21921.0,21491.0,21269.0,0.0,1231.0
HOSHIARPUR,PUNJAB,2019-2020,21205.0,20830.0,20340.0,0.0,1173.0
HUGLI,WEST BENGAL,2017-2018,70467.0,69066.0,69066.0,0.0,10567.0
HUGLI,WEST BENGAL,2018-2019,69818.0,68295.0,68295.0,0.0,10629.0
HUGLI,WEST BENGAL,2019-2020,69149.0,68186.0,68186.0,0.0,10414.0
HYDERABAD,TELANGANA,2017-2018,81661.0,77305.0,75587.0,0.0,73891.0
HYDERABAD,TELANGANA,2018-2019,79676.0,76757.0,76632.0,0.0,73437.0
HYDERABAD,TELANGANA,2019-2020,70373.0,68159.0,67994.0,0.0,66750.0
IDUKKI,KERALA,2017-2018,15854.0,15854.0,15525.0,1197.0,87.0
IDUKKI,KERALA,2018-2019,14786.0,14522.0,13905.0,1397.0,107.0
IDUKKI,KERALA,2019-2020,14273.0,13994.0,13647.0,1086.0,144.0
IMPHAL EAST,MANIPUR,2017-2018,7203.0,6790.0,6657.0,705.0,730.0
IMPHAL EAST,MANIPUR,2018-2019,7126.0,6785.0,6563.0,639.0,699.0
IMPHAL EAST,MANIPUR,2019-2020,7547.0,7003.0,6618.0,802.0,997.0
IMPHAL WEST,MANIPUR,2017-2018,8080.0,7833.0,7833.0,516.0,1304.0
IMPHAL WEST,MANIPUR,2018-2019,8065.0,7805.0,7437.0,553.0,1371.0
IMPHAL WEST,MANIPUR,2019-2020,8524.0,8405.0,8079.0,525.0,1881.0
INDORE,MADHYA PRADESH,2017-2018,66747.0,63534.0,63429.0,0.0,38321.0
INDORE,MADHYA PRADESH,2018-2019,76183.0,73602.0,71788.0,7301.0,44488.0
INDORE,MADHYA PRADESH,2019-2020,83642.0,78697.0,76699.0,12084.0,56628.0
JABALPUR,MADHYA PRADESH,2017-2018,39037.0,37688.0,37175.0,0.0,18206.0
JABALPUR,MADHYA PRADESH,2018-2019,38973.0,37918.0,37199.0,0.0,17736.0
JABALPUR,MADHYA PRADESH,2019-2020,43174.0,42097.0,42097.0,0.0,21474.0
JAGATSINGHPUR,ODISHA,2017-2018,15010.0,14869.0,14510.0,60.0,653.0
JAGATSINGHPUR,ODISHA,2018-2019,15325.0,15310.0,15245.0,73.0,820.0
JAGATSINGHPUR,ODISHA,2019-2020,14764.0,14690.0,14690.0,68.0,429.0
JAGITIAL,TELANGANA,2017-2018,18634.0,17884.0,17884.0,0.0,5699.0
JAGITIAL,TELANGANA,2018-2019,16975.0,16975.0,16975.0,0.0,4557.0
JAGITIAL,TELANGANA,2019-2020,17670.0,17010.0,17010.0,0.0,5088.0
JAIPUR,RAJASTHAN,2017-2018,122195.0,116703.0,113994.0,10894.0,54361.0
JAIPUR,RAJASTHAN,2018-2019,116617.0,112365.0,109826.0,6140.0,51985.0
JAIPUR,RAJASTHAN,2019-2020,110174.0,105636.0,104080.0,3818.0,50482.0
JAISALMER,RAJASTHAN,2017-2018,16328.0,15476.0,15476.0,0.0,321.0
JAISALMER,RAJASTHAN,2018-2019,17622.0,16934.0,15959.0,0.0,312.0
JAISALMER,RAJASTHAN,2019-2020,16589.0,16006.0,15776.0,0.0,412.0
JAJAPUR,ODISHA,2017-2018,29335.0,28627.0,28246.0,0.0,854.0
JAJAPUR,ODISHA,2018-2019,29049.0,28380.0,27954.0,0.0,811.0
JAJAPUR,ODISHA,2019-2020,28907.0,28613.0,28227.0,0.0,862.0
JALANDHAR,PUNJAB,2017-2018,31480.0,31149.0,31149.0,0.0,12263.0
JALANDHAR,PUNJAB,2018-2019,32058.0,31818.0,31818.0,0.0,12504.0
JALANDHAR,PUNJAB,2019-2020,31186.0,30730.0,30730.0,0.0,12242.0
JALAUN,UTTAR PRADESH,2017-2018,39785.0,39554.0,39554.0,51.0,4049.0
JALAUN,UTTAR PRADESH,2018-2019,35659.0,34989.0,34989.0,22.0,4036.0
JALAUN,UTTAR PRADESH,2019-2020,35260.0,35238.0,35238.0,13.0,4033.0
JALGAON,MAHARASHTRA,2017-2018,78952.0,78928.0,76894.0,2443.0,22800.0
JALGAON,MAHARASHTRA,2018-2019,83688.0,80986.0,79245.0,4536.0,23086.0
JALGAON,MAHARASHTRA,2019-2020,76104.0,75839.0,75839.0,3077.0,19379.0
JALNA,MAHARASHTRA,2017-2018,41997.0,39986.0,39490.0,371.0,6141.0
JALNA,MAHARASHTRA,2018-2019,40174.0,38558.0,37780.0,479.0,5657.0
JALNA,MAHARASHTRA,2019-2020,41999.0,40397.0,39901.0,645.0,6392.0
JALOR,RAJASTHAN,2017-2018,44976.0,42842.0,42465.0,0.0,0.0
JALOR,RAJASTHAN,2018-2019,43376.0,41790.0,41487.0,10.0,510.0
JALOR,RAJASTHAN,2019-2020,43080.0,41998.0,41884.0,0.0,452.0
JALPAIGURI,WEST BENGAL,2017-2018,33929.0,33588.0,33588.0,0.0,1186.0
JALPAIGURI,WEST BENGAL,2018-2019,34119.0,33750.0,33266.0,0.0,1364.0
JALPAIGURI,WEST BENGAL,2019-2020,34772.0,34056.0,33773.0,0.0,1765.0
JAMMU,JAMMU & KASHMIR,2017-2018,23947.0,22945.0,22945.0,1093.0,5216.0
JAMMU,JAMMU & KASHMIR,2018-2019,24448.0,23253.0,23253.0,1217.0,4707.0
JAMMU,JAMMU & KASHMIR,2019-2020,24171.0,22839.0,22839.0,1100.0,5351.0
JAMNAGAR,GUJARAT,2017-2018,27866.0,26845.0,26845.0,3.0,6441.0
JAMNAGAR,GUJARAT,2018-2019,28914.0,27550.0,27550.0,0.0,8002.0
JAMNAGAR,GUJARAT,2019-2020,30047.0,29054.0,29054.0,0.0,9697.0
JAMTARA,JHARKHAND,2017-2018,20760.0,19880.0,19610.0,0.0,0.0
JAMTARA,JHARKHAND,2018-2019,20432.0,19289.0,18881.0,0.0,0.0
JAMTARA,JHARKHAND,2019-2020,20201.0,19416.0,19212.0,0.0,0.0
JAMUI,BIHAR,2017-2018,43633.0,42734.0,41466.0,0.0,2075.0
JAMUI,BIHAR,2018-2019,45154.0,44938.0,44053.0,0.0,707.0
JAMUI,BIHAR,2019-2020,46450.0,45251.0,42438.0,0.0,735.0
JANGOAN,TELANGANA,2017-2018,8811.0,7294.0,7294.0,0.0,489.0
JANGOAN,TELANGANA,2018-2019,7746.0,7213.0,7213.0,0.0,0.0
JANGOAN,TELANGANA,2019-2020,9447.0,9043.0,9043.0,762.0,479.0
JANJGIR CHAMPA,CHHATTISGARH,2017-2018,34103.0,33134.0,32664.0,6.0,289.0
JANJGIR CHAMPA,CHHATTISGARH,2018-2019,35578.0,34461.0,34461.0,0.0,291.0
JANJGIR CHAMPA,CHHATTISGARH,2019-2020,35827.0,35280.0,35280.0,0.0,1339.0
JASHPUR,CHHATTISGARH,2017-2018,15978.0,15711.0,15480.0,109.0,0.0
JASHPUR,CHHATTISGARH,2018-2019,15812.0,15812.0,15812.0,101.0,0.0
JASHPUR,CHHATTISGARH,2019-2020,18277.0,18004.0,17796.0,98.0,0.0
JAUNPUR,UTTAR PRADESH,2017-2018,111499.0,109070.0,109070.0,0.0,2064.0
JAUNPUR,UTTAR PRADESH,2018-2019,109522.0,102817.0,102817.0,19.0,1906.0
JAUNPUR,UTTAR PRADESH,2019-2020,119280.0,116716.0,116716.0,0.0,2809.0
JAYASHANKAR BHUPALPALLY,TELANGANA,2017-2018,10177.0,10177.0,10177.0,0.0,794.0
JAYASHANKAR BHUPALPALLY,TELANGANA,2018-2019,9989.0,9906.0,9906.0,0.0,799.0
JAYASHANKAR BHUPALPALLY,TELANGANA,2019-2020,10469.0,10388.0,10367.0,0.0,908.0
JEHANABAD,BIHAR,2017-2018,25842.0,25739.0,24820.0,0.0,0.0
JEHANABAD,BIHAR,2018-2019,26271.0,26160.0,25239.0,0.0,0.0
JEHANABAD,BIHAR,2019-2020,25059.0,25059.0,25059.0,0.0,11.0
JHABUA,MADHYA PRADESH,2017-2018,31227.0,30110.0,28798.0,0.0,292.0
JHABUA,MADHYA PRADESH,2018-2019,31118.0,29562.0,27477.0,0.0,260.0
JHABUA,MADHYA PRADESH,2019-2020,33919.0,32551.0,31018.0,0.0,227.0
JHAJJAR,HARYANA,2017-2018,18449.0,17825.0,17592.0,247.0,6886.0
JHAJJAR,HARYANA,2018-2019,17155.0,16543.0,16095.0,43.0,3672.0
JHAJJAR,HARYANA,2019-2020,16581.0,16581.0,16233.0,83.0,3580.0
JHALAWAR,RAJASTHAN,2017-2018,27212.0,26945.0,26781.0,0.0,1835.0
JHALAWAR,RAJASTHAN,2018-2019,28478.0,27821.0,27529.0,0.0,2011.0
JHALAWAR,RAJASTHAN,2019-2020,27549.0,26917.0,26418.0,0.0,1706.0
JHANSI,UTTAR PRADESH,2017-2018,44145.0,43548.0,43359.0,0.0,10134.0
JHANSI,UTTAR PRADESH,2018-2019,47091.0,44918.0,44918.0,783.0,10667.0
JHANSI,UTTAR PRADESH,2019-2020,51516.0,50510.0,50510.0,2836.0,13380.0
JHARGRAM,WEST BENGAL,2017-2018,17163.0,16946.0,16735.0,0.0,98.0
JHARGRAM,WEST BENGAL,2018-2019,16835.0,16467.0,16467.0,0.0,87.0
JHARGRAM,WEST BENGAL,2019-2020,16522.0,16263.0,16215.0,0.0,61.0
JHARSUGUDA,ODISHA,2017-2018,7670.0,7669.0,7541.0,0.0,236.0
JHARSUGUDA,ODISHA,2018-2019,7932.0,7771.0,7771.0,0.0,1321.0
JHARSUGUDA,ODISHA,2019-2020,7690.0,7690.0,7690.0,0.0,1472.0
JHUNJHUNUN,RAJASTHAN,2017-2018,39746.0,39564.0,39564.0,1476.0,3704.0
JHUNJHUNUN,RAJASTHAN,2018-2019,36893.0,36383.0,36124.0,1229.0,3867.0
JHUNJHUNUN,RAJASTHAN,2019-2020,34913.0,34371.0,34308.0,796.0,3676.0
JIND,HARYANA,2017-2018,23070.0,21993.0,21955.0,11.0,4042.0
JIND,HARYANA,2018-2019,23396.0,22268.0,22268.0,10.0,1686.0
JIND,HARYANA,2019-2020,25533.0,25436.0,25266.0,1740.0,3681.0
JODHPUR,RAJASTHAN,2017-2018,76558.0,72909.0,71710.0,957.0,18002.0
JODHPUR,RAJASTHAN,2018-2019,75889.0,72212.0,70969.0,2364.0,21560.0
JODHPUR,RAJASTHAN,2019-2020,73495.0,69101.0,67708.0,2582.0,22884.0
JOGULAMBA GADWAL,TELANGANA,2017-2018,12940.0,12940.0,12866.0,0.0,1907.0
JOGULAMBA GADWAL,TELANGANA,2018-2019,12864.0,12428.0,12428.0,0.0,1774.0
JOGULAMBA GADWAL,TELANGANA,2019-2020,12649.0,12337.0,12337.0,0.0,1531.0
JORHAT,ASSAM,2017-2018,17483.0,17173.0,16985.0,254.0,1512.0
JORHAT,ASSAM,2018-2019,19989.0,19699.0,19391.0,991.0,2812.0
JORHAT,ASSAM,2019-2020,18105.0,17872.0,17511.0,513.0,2422.0
JUNAGADH,GUJARAT,2017-2018,22052.0,21353.0,21178.0,0.0,6455.0
JUNAGADH,GUJARAT,2018-2019,20677.0,19668.0,19513.0,0.0,6906.0
JUNAGADH,GUJARAT,2019-2020,21725.0,20637.0,20637.0,0.0,7894.0
JYOTIBA PHULE NAGAR,UTTAR PRADESH,2017-2018,43577.0,40485.0,39180.0,0.0,4883.0
JYOTIBA PHULE NAGAR,UTTAR PRADESH,2018-2019,40567.0,35552.0,33874.0,0.0,4235.0
JYOTIBA PHULE NAGAR,UTTAR PRADESH,2019-2020,49118.0,46626.0,46310.0,0.0,6151.0
KACHCHH,GUJARAT,2017-2018,49698.0,48395.0,48395.0,1174.0,12114.0
KACHCHH,GUJARAT,2018-2019,47322.0,45635.0,45635.0,352.0,12442.0
KACHCHH,GUJARAT,2019-2020,42769.0,41105.0,41105.0,775.0,11604.0
KAIMUR BHABUA,BIHAR,2017-2018,38269.0,36993.0,35469.0,0.0,4963.0
KAIMUR BHABUA,BIHAR,2018-2019,37945.0,36802.0,35068.0,0.0,4915.0
KAIMUR BHABUA,BIHAR,2019-2020,42883.0,42883.0,42883.0,0.0,6414.0
KAITHAL,HARYANA,2017-2018,20530.0,19780.0,19345.0,112.0,3475.0
KAITHAL,HARYANA,2018-2019,21425.0,20938.0,20416.0,126.0,4880.0
KAITHAL,HARYANA,2019-2020,18880.0,18850.0,18503.0,0.0,2465.0
KALAHANDI,ODISHA,2017-2018,26337.0,25646.0,24736.0,0.0,701.0
KALAHANDI,ODISHA,2018-2019,27206.0,26911.0,26414.0,0.0,724.0
KALAHANDI,ODISHA,2019-2020,25733.0,25614.0,25614.0,0.0,662.0
KALIMPONG,WEST BENGAL,2017-2018,2313.0,2313.0,2302.0,0.0,475.0
KALIMPONG,WEST BENGAL,2018-2019,2158.0,2111.0,2111.0,0.0,360.0
KALIMPONG,WEST BENGAL,2019-2020,2201.0,2201.0,2201.0,0.0,432.0
KAMAREDDY,TELANGANA,2017-2018,17697.0,17292.0,17292.0,0.0,2657.0
KAMAREDDY,TELANGANA,2018-2019,16722.0,16314.0,16314.0,0.0,2269.0
KAMAREDDY,TELANGANA,2019-2020,16471.0,16471.0,16471.0,0.0,1902.0
KAMRUP M,ASSAM,2017-2018,22371.0,22145.0,22145.0,214.0,16914.0
KAMRUP M,ASSAM,2018-2019,23177.0,23047.0,23018.0,697.0,18075.0
KAMRUP M,ASSAM,2019-2020,22931.0,22931.0,22931.0,667.0,17904.0
KAMRUP R,ASSAM,2017-2018,29349.0,28944.0,28401.0,0.0,0.0
KAMRUP R,ASSAM,2018-2019,27688.0,27476.0,27206.0,0.0,0.0
KAMRUP R,ASSAM,2019-2020,27998.0,27791.0,27771.0,0.0,0.0
KANCHEEPURAM,TAMIL NADU,2017-2018,42450.0,42450.0,42450.0,3112.0,10233.0
KANCHEEPURAM,TAMIL NADU,2018-2019,44931.0,44438.0,44438.0,3845.0,12623.0
KANCHEEPURAM,TAMIL NADU,2019-2020,47820.0,47641.0,47641.0,3644.0,11796.0
KANDHAMAL,ODISHA,2017-2018,14124.0,13770.0,13561.0,0.0,0.0
KANDHAMAL,ODISHA,2018-2019,14259.0,14259.0,14259.0,0.0,0.0
KANDHAMAL,ODISHA,2019-2020,14033.0,13959.0,13900.0,0.0,0.0
KANGRA,HIMACHAL PRADESH,2017-2018,21745.0,21745.0,21745.0,197.0,109.0
KANGRA,HIMACHAL PRADESH,2018-2019,21501.0,21281.0,21276.0,11.0,97.0
KANGRA,HIMACHAL PRADESH,2019-2020,20987.0,20987.0,20926.0,3.0,87.0
KANKER,CHHATTISGARH,2017-2018,12285.0,11674.0,11674.0,0.0,388.0
KANKER,CHHATTISGARH,2018-2019,12795.0,12582.0,12582.0,0.0,432.0
KANKER,CHHATTISGARH,2019-2020,11937.0,11872.0,11872.0,0.0,399.0
KANNAUJ,UTTAR PRADESH,2017-2018,37253.0,35451.0,33942.0,0.0,1450.0
KANNAUJ,UTTAR PRADESH,2018-2019,39825.0,36596.0,35070.0,0.0,2055.0
KANNAUJ,UTTAR PRADESH,2019-2020,43248.0,40794.0,40066.0,0.0,2578.0
KANNIYAKUMARI,TAMIL NADU,2017-2018,21770.0,21766.0,21667.0,4407.0,6297.0
KANNIYAKUMARI,TAMIL NADU,2018-2019,23296.0,23296.0,23296.0,3817.0,6284.0
KANNIYAKUMARI,TAMIL NADU,2019-2020,22912.0,22912.0,22912.0,3234.0,5757.0
KANNUR,KERALA,2017-2018,41124.0,38799.0,38104.0,1208.0,6937.0
KANNUR,KERALA,2018-2019,40154.0,38559.0,37783.0,3085.0,5917.0
KANNUR,KERALA,2019-2020,37991.0,36435.0,35706.0,2502.0,5711.0
KANPUR DEHAT,UTTAR PRADESH,2017-2018,36578.0,35260.0,34692.0,0.0,0.0
KANPUR DEHAT,UTTAR PRADESH,2018-2019,38153.0,35645.0,35200.0,42.0,42.0
KANPUR DEHAT,UTTAR PRADESH,2019-2020,40429.0,39086.0,38911.0,0.0,0.0
KANPUR NAGAR,UTTAR PRADESH,2017-2018,113122.0,113122.0,113122.0,0.0,73303.0
KANPUR NAGAR,UTTAR PRADESH,2018-2019,87146.0,85517.0,84876.0,0.0,49458.0
KANPUR NAGAR,UTTAR PRADESH,2019-2020,110067.0,107363.0,107363.0,0.0,70074.0
KAPURTHALA,PUNJAB,2017-2018,11792.0,11327.0,11327.0,566.0,2511.0
KAPURTHALA,PUNJAB,2018-2019,11960.0,11591.0,11591.0,630.0,2511.0
KAPURTHALA,PUNJAB,2019-2020,11670.0,11453.0,11453.0,378.0,2172.0
KARAIKAL,PUDUCHERRY,2017-2018,2337.0,2246.0,2228.0,0.0,729.0
KARAIKAL,PUDUCHERRY,2018-2019,2661.0,2471.0,2445.0,0.0,1092.0
KARAIKAL,PUDUCHERRY,2019-2020,2401.0,2344.0,2225.0,0.0,786.0
KARAULI,RAJASTHAN,2017-2018,32871.0,31263.0,30664.0,0.0,2254.0
KARAULI,RAJASTHAN,2018-2019,34050.0,33239.0,32796.0,2238.0,5006.0
KARAULI,RAJASTHAN,2019-2020,32888.0,31882.0,31377.0,2205.0,4535.0
KARBI ANGLONG,ASSAM,2017-2018,20966.0,20966.0,20949.0,8.0,459.0
KARBI ANGLONG,ASSAM,2018-2019,20113.0,20113.0,19816.0,0.0,1335.0
KARBI ANGLONG,ASSAM,2019-2020,20264.0,20264.0,20138.0,0.0,1122.0
KARGIL,JAMMU & KASHMIR,2017-2018,2393.0,2393.0,2393.0,0.0,0.0
KARGIL,JAMMU & KASHMIR,2018-2019,2773.0,2494.0,2494.0,0.0,0.0
KARGIL,JAMMU & KASHMIR,2019-2020,2333.0,2229.0,2229.0,0.0,0.0
KARIM NAGAR,TELANGANA,2017-2018,19234.0,18908.0,18783.0,0.0,5258.0
KARIM NAGAR,TELANGANA,2018-2019,16901.0,15985.0,15875.0,0.0,3684.0
KARIM NAGAR,TELANGANA,2019-2020,16525.0,15963.0,15963.0,0.0,4011.0
KARIMGANJ,ASSAM,2017-2018,28112.0,26878.0,25922.0,6.0,360.0
KARIMGANJ,ASSAM,2018-2019,29384.0,28244.0,27626.0,2.0,480.0
KARIMGANJ,ASSAM,2019-2020,30032.0,29455.0,28804.0,0.0,411.0
KARNAL,HARYANA,2017-2018,28976.0,28367.0,27984.0,0.0,6613.0
KARNAL,HARYANA,2018-2019,29355.0,28504.0,28504.0,511.0,5813.0
KARNAL,HARYANA,2019-2020,29079.0,29079.0,29004.0,471.0,6488.0
KARUR,TAMIL NADU,2017-2018,12171.0,12171.0,12035.0,1141.0,2577.0
KARUR,TAMIL NADU,2018-2019,12402.0,12402.0,12283.0,1051.0,2769.0
KARUR,TAMIL NADU,2019-2020,13129.0,13049.0,12812.0,813.0,2666.0
KASARAGOD,KERALA,2017-2018,33571.0,33476.0,31893.0,7419.0,282.0
KASARAGOD,KERALA,2018-2019,23909.0,23390.0,22789.0,461.0,591.0
KASARAGOD,KERALA,2019-2020,23138.0,22577.0,22056.0,213.0,583.0
KASHI RAM NAGAR,UTTAR PRADESH,2017-2018,35675.0,33810.0,33252.0,9.0,1798.0
KASHI RAM NAGAR,UTTAR PRADESH,2018-2019,40773.0,34009.0,33338.0,32.0,2754.0
KASHI RAM NAGAR,UTTAR PRADESH,2019-2020,40524.0,38550.0,38550.0,0.0,2821.0
KATHUA,JAMMU & KASHMIR,2017-2018,11232.0,10856.0,10769.0,0.0,518.0
KATHUA,JAMMU & KASHMIR,2018-2019,11145.0,10879.0,10623.0,0.0,626.0
KATHUA,JAMMU & KASHMIR,2019-2020,12012.0,11572.0,11572.0,0.0,666.0
KATIHAR,BIHAR,2017-2018,95088.0,92271.0,87871.0,0.0,6367.0
KATIHAR,BIHAR,2018-2019,94223.0,87851.0,83344.0,833.0,5448.0
KATIHAR,BIHAR,2019-2020,97750.0,95397.0,90368.0,0.0,6138.0
KATNI,MADHYA PRADESH,2017-2018,21949.0,21509.0,21509.0,171.0,1394.0
KATNI,MADHYA PRADESH,2018-2019,26251.0,25041.0,25041.0,182.0,1837.0
KATNI,MADHYA PRADESH,2019-2020,25992.0,25749.0,25749.0,337.0,1729.0
KAUSHAMBI,UTTAR PRADESH,2017-2018,42744.0,40904.0,39784.0,0.0,277.0
KAUSHAMBI,UTTAR PRADESH,2018-2019,39777.0,36727.0,36727.0,0.0,244.0
KAUSHAMBI,UTTAR PRADESH,2019-2020,46427.0,44642.0,44642.0,0.0,245.0
KAWARDHA,CHHATTISGARH,2017-2018,17069.0,16858.0,16761.0,156.0,0.0
KAWARDHA,CHHATTISGARH,2018-2019,17008.0,17008.0,17008.0,55.0,0.0
KAWARDHA,CHHATTISGARH,2019-2020,17948.0,17923.0,17923.0,27.0,854.0
KENDRAPARA,ODISHA,2017-2018,21567.0,21268.0,20778.0,0.0,0.0
KENDRAPARA,ODISHA,2018-2019,20607.0,20205.0,20100.0,0.0,0.0
KENDRAPARA,ODISHA,2019-2020,20905.0,20905.0,20548.0,0.0,0.0
KEONJHAR,ODISHA,2017-2018,32703.0,31921.0,31597.0,0.0,1502.0
KEONJHAR,ODISHA,2018-2019,32621.0,31591.0,31591.0,0.0,1742.0
KEONJHAR,ODISHA,2019-2020,32837.0,32507.0,31941.0,0.0,1654.0
KHAGARIA,BIHAR,2017-2018,55979.0,55230.0,54201.0,0.0,0.0
KHAGARIA,BIHAR,2018-2019,54314.0,52095.0,50295.0,0.0,0.0
KHAGARIA,BIHAR,2019-2020,58165.0,57013.0,55733.0,0.0,0.0
KHAMMAM,TELANGANA,2017-2018,21061.0,20775.0,20775.0,0.0,1816.0
KHAMMAM,TELANGANA,2018-2019,20446.0,20397.0,20397.0,0.0,1817.0
KHAMMAM,TELANGANA,2019-2020,22824.0,22393.0,22354.0,0.0,2494.0
KHANDWA,MADHYA PRADESH,2017-2018,26953.0,26216.0,25704.0,37.0,2999.0
KHANDWA,MADHYA PRADESH,2018-2019,28892.0,28097.0,27594.0,239.0,3435.0
KHANDWA,MADHYA PRADESH,2019-2020,27512.0,27065.0,26758.0,358.0,3511.0
KHARGONE,MADHYA PRADESH,2017-2018,41242.0,39745.0,39566.0,0.0,4092.0
KHARGONE,MADHYA PRADESH,2018-2019,41723.0,40275.0,39432.0,0.0,4118.0
KHARGONE,MADHYA PRADESH,2019-2020,43668.0,42880.0,42174.0,0.0,4112.0
KHEDA,GUJARAT,2017-2018,46911.0,45908.0,45908.0,1170.0,5863.0
KHEDA,GUJARAT,2018-2019,45217.0,44283.0,44283.0,1168.0,4704.0
KHEDA,GUJARAT,2019-2020,40526.0,40113.0,40113.0,895.0,3152.0
KHORDHA,ODISHA,2017-2018,30936.0,30936.0,30936.0,0.0,9077.0
KHORDHA,ODISHA,2018-2019,33366.0,32906.0,32906.0,1971.0,9696.0
KHORDHA,ODISHA,2019-2020,33108.0,32892.0,32687.0,1631.0,10084.0
KHOWAI,TRIPURA,2017-2018,4477.0,4251.0,4007.0,0.0,0.0
KHOWAI,TRIPURA,2018-2019,4250.0,4090.0,3970.0,0.0,0.0
KHOWAI,TRIPURA,2019-2020,4184.0,4014.0,3865.0,0.0,0.0
KHUNTI,JHARKHAND,2017-2018,12405.0,12314.0,12314.0,0.0,0.0
KHUNTI,JHARKHAND,2018-2019,12249.0,12203.0,11923.0,0.0,0.0
KHUNTI,JHARKHAND,2019-2020,12402.0,12334.0,12329.0,0.0,0.0
KINNAUR,HIMACHAL PRADESH,2017-2018,962.0,962.0,962.0,0.0,0.0
KINNAUR,HIMACHAL PRADESH,2018-2019,918.0,918.0,918.0,0.0,0.0
KINNAUR,HIMACHAL PRADESH,2019-2020,942.0,942.0,942.0,0.0,0.0
KIPHIRE,NAGALAND,2017-2018,932.0,869.0,844.0,0.0,0.0
KIPHIRE,NAGALAND,2018-2019,970.0,902.0,825.0,0.0,0.0
KIPHIRE,NAGALAND,2019-2020,1043.0,1001.0,980.0,0.0,0.0
KISHANGANJ,BIHAR,2017-2018,48625.0,48625.0,46513.0,316.0,0.0
KISHANGANJ,BIHAR,2018-2019,49716.0,49716.0,49716.0,197.0,0.0
KISHANGANJ,BIHAR,2019-2020,52612.0,52612.0,51490.0,81.0,0.0
KISHTWAR,JAMMU & KASHMIR,2017-2018,4175.0,4175.0,4175.0,0.0,0.0
KISHTWAR,JAMMU & KASHMIR,2018-2019,3960.0,3960.0,3960.0,0.0,0.0
KISHTWAR,JAMMU & KASHMIR,2019-2020,4342.0,4303.0,4303.0,0.0,0.0
KOCH BIHAR,WEST BENGAL,2017-2018,47927.0,47002.0,46711.0,0.0,1343.0
KOCH BIHAR,WEST BENGAL,2018-2019,48577.0,47634.0,47057.0,0.0,1321.0
KOCH BIHAR,WEST BENGAL,2019-2020,49195.0,48531.0,48191.0,0.0,1401.0
KODAGU,KARNATAKA,2017-2018,7901.0,7901.0,7001.0,140.0,367.0
KODAGU,KARNATAKA,2018-2019,8352.0,8094.0,7541.0,226.0,434.0
KODAGU,KARNATAKA,2019-2020,7892.0,7610.0,7241.0,122.0,340.0
KODARMA,JHARKHAND,2017-2018,18913.0,18135.0,17991.0,380.0,195.0
KODARMA,JHARKHAND,2018-2019,18449.0,17926.0,17503.0,423.0,170.0
KODARMA,JHARKHAND,2019-2020,18918.0,18347.0,18347.0,356.0,306.0
KOHIMA,NAGALAND,2017-2018,2838.0,2789.0,2673.0,422.0,318.0
KOHIMA,NAGALAND,2018-2019,2779.0,2676.0,2574.0,336.0,319.0
KOHIMA,NAGALAND,2019-2020,3015.0,2800.0,2783.0,414.0,302.0
KOKRAJHAR,ASSAM,2017-2018,16538.0,16080.0,15735.0,0.0,0.0
KOKRAJHAR,ASSAM,2018-2019,15762.0,15601.0,15456.0,0.0,0.0
KOKRAJHAR,ASSAM,2019-2020,15959.0,15937.0,15799.0,0.0,0.0
KOLAR,KARNATAKA,2017-2018,26936.0,25193.0,25193.0,478.0,6556.0
KOLAR,KARNATAKA,2018-2019,27321.0,25802.0,25802.0,429.0,7109.0
KOLAR,KARNATAKA,2019-2020,25222.0,23877.0,23877.0,225.0,6343.0
KOLASIB,MIZORAM,2017-2018,1441.0,1384.0,1321.0,0.0,0.0
KOLASIB,MIZORAM,2018-2019,1511.0,1511.0,1403.0,0.0,0.0
KOLASIB,MIZORAM,2019-2020,1536.0,1514.0,1467.0,0.0,0.0
KOLHAPUR,MAHARASHTRA,2017-2018,57795.0,57795.0,57795.0,2918.0,7181.0
KOLHAPUR,MAHARASHTRA,2018-2019,55886.0,55620.0,55620.0,3009.0,11176.0
KOLHAPUR,MAHARASHTRA,2019-2020,57216.0,56392.0,56392.0,676.0,12970.0
KOLKATA,WEST BENGAL,2017-2018,42064.0,39756.0,38796.0,5071.0,33673.0
KOLKATA,WEST BENGAL,2018-2019,41975.0,40300.0,38104.0,4676.0,32462.0
KOLKATA,WEST BENGAL,2019-2020,37827.0,37367.0,36337.0,3752.0,30078.0
KOLLAM,KERALA,2017-2018,33331.0,33331.0,32859.0,5121.0,10219.0
KOLLAM,KERALA,2018-2019,32227.0,32227.0,32227.0,4817.0,9192.0
KOLLAM,KERALA,2019-2020,31421.0,31395.0,31395.0,4507.0,9106.0
KOMARAM BHEEM,TELANGANA,2017-2018,8820.0,8767.0,8767.0,0.0,591.0
KOMARAM BHEEM,TELANGANA,2018-2019,8534.0,8534.0,8534.0,0.0,671.0
KOMARAM BHEEM,TELANGANA,2019-2020,9222.0,9222.0,9222.0,0.0,809.0
KONDAGAON,CHHATTISGARH,2017-2018,12339.0,12104.0,12104.0,0.0,0.0
KONDAGAON,CHHATTISGARH,2018-2019,12439.0,12130.0,12062.0,0.0,0.0
KONDAGAON,CHHATTISGARH,2019-2020,12201.0,12056.0,12056.0,0.0,0.0
KOPPAL,KARNATAKA,2017-2018,31591.0,30698.0,30391.0,106.0,1799.0
KOPPAL,KARNATAKA,2018-2019,32688.0,31888.0,31697.0,74.0,3858.0
KOPPAL,KARNATAKA,2019-2020,31402.0,30880.0,30880.0,21.0,3838.0
KORAPUT,ODISHA,2017-2018,26923.0,26230.0,25511.0,181.0,1761.0
KORAPUT,ODISHA,2018-2019,28575.0,28410.0,28059.0,250.0,1562.0
KORAPUT,ODISHA,2019-2020,26484.0,26484.0,26484.0,234.0,2343.0
KORBA,CHHATTISGARH,2017-2018,28975.0,28314.0,28314.0,242.0,8440.0
KORBA,CHHATTISGARH,2018-2019,28163.0,28096.0,28096.0,87.0,8647.0
KORBA,CHHATTISGARH,2019-2020,28756.0,28392.0,28392.0,404.0,9058.0
KORIYA,CHHATTISGARH,2017-2018,12785.0,12785.0,12710.0,0.0,14.0
KORIYA,CHHATTISGARH,2018-2019,12937.0,12926.0,12926.0,0.0,136.0
KORIYA,CHHATTISGARH,2019-2020,13112.0,13112.0,13112.0,0.0,1.0
KOTA,RAJASTHAN,2017-2018,38916.0,37722.0,37257.0,6774.0,23037.0
KOTA,RAJASTHAN,2018-2019,38189.0,36697.0,36207.0,5674.0,21895.0
KOTA,RAJASTHAN,2019-2020,34312.0,33133.0,32512.0,3192.0,20407.0
KOTTAYAM,KERALA,2017-2018,25865.0,24307.0,24145.0,6167.0,1297.0
KOTTAYAM,KERALA,2018-2019,24967.0,23435.0,23163.0,4931.0,1179.0
KOTTAYAM,KERALA,2019-2020,22654.0,21570.0,21570.0,3658.0,1062.0
KOZHIKKODE,KERALA,2017-2018,51540.0,49081.0,47030.0,8004.0,7225.0
KOZHIKKODE,KERALA,2018-2019,48806.0,47618.0,46297.0,5958.0,6480.0
KOZHIKKODE,KERALA,2019-2020,46746.0,45219.0,44649.0,4814.0,5781.0
KRA DAADI,ARUNACHAL PRADESH,2017-2018,180.0,180.0,167.0,0.0,0.0
KRA DAADI,ARUNACHAL PRADESH,2018-2019,193.0,193.0,191.0,0.0,0.0
KRA DAADI,ARUNACHAL PRADESH,2019-2020,102.0,97.0,97.0,0.0,0.0
KRISHNA,ANDHRA PRADESH,2017-2018,70741.0,70709.0,70709.0,0.0,18694.0
KRISHNA,ANDHRA PRADESH,2018-2019,77712.0,77109.0,77109.0,0.0,22586.0
KRISHNA,ANDHRA PRADESH,2019-2020,80348.0,80012.0,80012.0,2951.0,28110.0
KRISHNAGIRI,TAMIL NADU,2017-2018,25277.0,25069.0,25069.0,870.0,3036.0
KRISHNAGIRI,TAMIL NADU,2018-2019,26771.0,26430.0,26332.0,1403.0,3667.0
KRISHNAGIRI,TAMIL NADU,2019-2020,27298.0,26929.0,26929.0,1604.0,3929.0
KULGAM,JAMMU & KASHMIR,2017-2018,9727.0,9727.0,9727.0,0.0,0.0
KULGAM,JAMMU & KASHMIR,2018-2019,10840.0,10656.0,10552.0,0.0,0.0
KULGAM,JAMMU & KASHMIR,2019-2020,11099.0,10990.0,10808.0,0.0,0.0
KULLU,HIMACHAL PRADESH,2017-2018,6462.0,6314.0,6314.0,51.0,0.0
KULLU,HIMACHAL PRADESH,2018-2019,6441.0,6441.0,6424.0,5.0,0.0
KULLU,HIMACHAL PRADESH,2019-2020,6205.0,6205.0,6205.0,2.0,0.0
KUPWARA,JAMMU & KASHMIR,2017-2018,16950.0,16950.0,16882.0,0.0,0.0
KUPWARA,JAMMU & KASHMIR,2018-2019,18238.0,17218.0,16783.0,0.0,0.0
KUPWARA,JAMMU & KASHMIR,2019-2020,16414.0,15317.0,15035.0,0.0,0.0
KURNOOL,ANDHRA PRADESH,2017-2018,75147.0,72723.0,72723.0,516.0,8656.0
KURNOOL,ANDHRA PRADESH,2018-2019,81536.0,77171.0,77171.0,4398.0,14938.0
KURNOOL,ANDHRA PRADESH,2019-2020,79717.0,76539.0,72299.0,6615.0,15691.0
KURUKSHETRA,HARYANA,2017-2018,16838.0,16543.0,16212.0,0.0,2844.0
KURUKSHETRA,HARYANA,2018-2019,15999.0,15707.0,15360.0,0.0,2329.0
KURUKSHETRA,HARYANA,2019-2020,15427.0,15314.0,15296.0,0.0,2399.0
KURUNG KUMEY,ARUNACHAL PRADESH,2017-2018,690.0,685.0,660.0,0.0,0.0
KURUNG KUMEY,ARUNACHAL PRADESH,2018-2019,558.0,548.0,528.0,0.0,0.0
KURUNG KUMEY,ARUNACHAL PRADESH,2019-2020,466.0,435.0,426.0,0.0,0.0
KUSHINAGAR,UTTAR PRADESH,2017-2018,75860.0,74351.0,73741.0,0.0,454.0
KUSHINAGAR,UTTAR PRADESH,2018-2019,83962.0,77537.0,74666.0,0.0,417.0
KUSHINAGAR,UTTAR PRADESH,2019-2020,92965.0,87728.0,87728.0,4777.0,4394.0
LAHUL SPITI,HIMACHAL PRADESH,2017-2018,268.0,268.0,268.0,0.0,0.0
LAHUL SPITI,HIMACHAL PRADESH,2018-2019,240.0,240.0,240.0,0.0,0.0
LAHUL SPITI,HIMACHAL PRADESH,2019-2020,178.0,178.0,178.0,0.0,0.0
LAKHIMPUR,ASSAM,2017-2018,20029.0,19555.0,18927.0,760.0,836.0
LAKHIMPUR,ASSAM,2018-2019,19740.0,19289.0,18903.0,854.0,858.0
LAKHIMPUR,ASSAM,2019-2020,19645.0,19645.0,19558.0,838.0,869.0
LAKHIMPUR KHERI,UTTAR PRADESH,2017-2018,101853.0,99627.0,95547.0,0.0,3340.0
LAKHIMPUR KHERI,UTTAR PRADESH,2018-2019,90264.0,84201.0,82546.0,5.0,2392.0
LAKHIMPUR KHERI,UTTAR PRADESH,2019-2020,102584.0,97978.0,97978.0,25.0,3040.0
LAKHISARAI,BIHAR,2017-2018,26732.0,26732.0,26732.0,0.0,9066.0
LAKHISARAI,BIHAR,2018-2019,26934.0,26259.0,25933.0,0.0,9795.0
LAKHISARAI,BIHAR,2019-2020,27322.0,27322.0,27322.0,0.0,9776.0
LAKSHADWEEP,LAKSHADWEEP,2017-2018,1044.0,1013.0,963.0,0.0,0.0
LAKSHADWEEP,LAKSHADWEEP,2018-2019,1082.0,1078.0,1055.0,0.0,0.0
LAKSHADWEEP,LAKSHADWEEP,2019-2020,1075.0,1055.0,1017.0,0.0,0.0
LALITPUR,UTTAR PRADESH,2017-2018,31823.0,31414.0,31414.0,475.0,3427.0
LALITPUR,UTTAR PRADESH,2018-2019,30907.0,29559.0,29454.0,178.0,2649.0
LALITPUR,UTTAR PRADESH,2019-2020,30567.0,29975.0,29975.0,47.0,2522.0
LATEHAR,JHARKHAND,2017-2018,19550.0,19435.0,18937.0,0.0,0.0
LATEHAR,JHARKHAND,2018-2019,18678.0,18454.0,18089.0,0.0,0.0
LATEHAR,JHARKHAND,2019-2020,18761.0,18451.0,18264.0,0.0,0.0
LATUR,MAHARASHTRA,2017-2018,45935.0,43625.0,42908.0,10.0,9818.0
LATUR,MAHARASHTRA,2018-2019,44939.0,43436.0,42741.0,267.0,8808.0
LATUR,MAHARASHTRA,2019-2020,47979.0,45272.0,42895.0,0.0,12578.0
LAWNGTLAI,MIZORAM,2017-2018,2191.0,1991.0,1940.0,28.0,0.0
LAWNGTLAI,MIZORAM,2018-2019,2208.0,2081.0,2008.0,22.0,0.0
LAWNGTLAI,MIZORAM,2019-2020,2625.0,2491.0,2358.0,28.0,0.0
LEH LADAKH,JAMMU & KASHMIR,2017-2018,1641.0,1641.0,1641.0,0.0,0.0
LEH LADAKH,JAMMU & KASHMIR,2018-2019,1715.0,1675.0,1646.0,0.0,0.0
LEH LADAKH,JAMMU & KASHMIR,2019-2020,1558.0,1502.0,1502.0,0.0,0.0
LOHARDAGA,JHARKHAND,2017-2018,13151.0,12762.0,12762.0,281.0,0.0
LOHARDAGA,JHARKHAND,2018-2019,12935.0,12724.0,12624.0,239.0,0.0
LOHARDAGA,JHARKHAND,2019-2020,13393.0,13045.0,13045.0,252.0,0.0
LOHIT,ARUNACHAL PRADESH,2017-2018,1215.0,1072.0,1072.0,0.0,108.0
LOHIT,ARUNACHAL PRADESH,2018-2019,829.0,829.0,772.0,0.0,0.0
LOHIT,ARUNACHAL PRADESH,2019-2020,984.0,937.0,937.0,0.0,0.0
LONGDING,ARUNACHAL PRADESH,2017-2018,854.0,815.0,687.0,0.0,0.0
LONGDING,ARUNACHAL PRADESH,2018-2019,908.0,908.0,796.0,0.0,0.0
LONGDING,ARUNACHAL PRADESH,2019-2020,989.0,780.0,780.0,0.0,0.0
LONGLENG,NAGALAND,2017-2018,524.0,524.0,524.0,0.0,0.0
LONGLENG,NAGALAND,2018-2019,559.0,559.0,505.0,0.0,0.0
LONGLENG,NAGALAND,2019-2020,580.0,556.0,556.0,0.0,0.0
LOWER DIBANG VALLEY,ARUNACHAL PRADESH,2017-2018,900.0,829.0,829.0,0.0,0.0
LOWER DIBANG VALLEY,ARUNACHAL PRADESH,2018-2019,882.0,850.0,850.0,0.0,0.0
LOWER DIBANG VALLEY,ARUNACHAL PRADESH,2019-2020,933.0,850.0,833.0,0.0,0.0
LOWER SUBANSIRI,ARUNACHAL PRADESH,2017-2018,750.0,745.0,730.0,0.0,0.0
LOWER SUBANSIRI,ARUNACHAL PRADESH,2018-2019,802.0,802.0,790.0,0.0,0.0
LOWER SUBANSIRI,ARUNACHAL PRADESH,2019-2020,730.0,730.0,730.0,0.0,0.0
LUCKNOW,UTTAR PRADESH,2017-2018,122734.0,120071.0,120071.0,0.0,64656.0
LUCKNOW,UTTAR PRADESH,2018-2019,103456.0,100135.0,98336.0,361.0,49772.0
LUCKNOW,UTTAR PRADESH,2019-2020,119344.0,114497.0,114266.0,42.0,62739.0
LUDHIANA,PUNJAB,2017-2018,59007.0,58161.0,58000.0,1179.0,25876.0
LUDHIANA,PUNJAB,2018-2019,57551.0,55781.0,54918.0,450.0,26931.0
LUDHIANA,PUNJAB,2019-2020,56503.0,54924.0,53802.0,35.0,26058.0
LUNGLEI,MIZORAM,2017-2018,2237.0,2237.0,2162.0,0.0,807.0
LUNGLEI,MIZORAM,2018-2019,2291.0,2230.0,2230.0,15.0,805.0
LUNGLEI,MIZORAM,2019-2020,2538.0,2511.0,2486.0,0.0,819.0
MADHEPURA,BIHAR,2017-2018,62144.0,60389.0,57807.0,0.0,4552.0
MADHEPURA,BIHAR,2018-2019,57242.0,53730.0,49091.0,0.0,4279.0
MADHEPURA,BIHAR,2019-2020,66432.0,66432.0,62012.0,0.0,5713.0
MADHUBANI,BIHAR,2017-2018,110157.0,107728.0,102788.0,0.0,5588.0
MADHUBANI,BIHAR,2018-2019,99013.0,93012.0,86402.0,0.0,6103.0
MADHUBANI,BIHAR,2019-2020,115991.0,115991.0,107818.0,0.0,6234.0
MADURAI,TAMIL NADU,2017-2018,46412.0,46212.0,46212.0,4890.0,24760.0
MADURAI,TAMIL NADU,2018-2019,48150.0,47827.0,47437.0,5288.0,26585.0
MADURAI,TAMIL NADU,2019-2020,45464.0,45464.0,45417.0,2456.0,24462.0
MAHABUBABAD,TELANGANA,2017-2018,12796.0,11467.0,11467.0,0.0,1537.0
MAHABUBABAD,TELANGANA,2018-2019,12792.0,12120.0,12120.0,0.0,1470.0
MAHABUBABAD,TELANGANA,2019-2020,12033.0,12033.0,12033.0,0.0,1252.0
MAHARAJGANJ,UTTAR PRADESH,2017-2018,63709.0,62373.0,62362.0,0.0,581.0
MAHARAJGANJ,UTTAR PRADESH,2018-2019,62046.0,58886.0,58205.0,0.0,614.0
MAHARAJGANJ,UTTAR PRADESH,2019-2020,66679.0,66383.0,66383.0,0.0,766.0
MAHASAMUND,CHHATTISGARH,2017-2018,17626.0,17406.0,17037.0,0.0,62.0
MAHASAMUND,CHHATTISGARH,2018-2019,18114.0,17775.0,17415.0,0.0,557.0
MAHASAMUND,CHHATTISGARH,2019-2020,18179.0,18024.0,18022.0,0.0,570.0
MAHBUBNAGAR,TELANGANA,2017-2018,27947.0,27307.0,27307.0,0.0,4061.0
MAHBUBNAGAR,TELANGANA,2018-2019,27735.0,27123.0,27123.0,0.0,2955.0
MAHBUBNAGAR,TELANGANA,2019-2020,27541.0,26778.0,26778.0,0.0,2396.0
MAHE,PUDUCHERRY,2017-2018,732.0,714.0,690.0,137.0,478.0
MAHE,PUDUCHERRY,2018-2019,675.0,607.0,607.0,107.0,453.0
MAHE,PUDUCHERRY,2019-2020,693.0,643.0,603.0,101.0,475.0
MAHENDRAGARH,HARYANA,2017-2018,15559.0,14990.0,14829.0,0.0,2107.0
MAHENDRAGARH,HARYANA,2018-2019,15410.0,14692.0,14490.0,0.0,199.0
MAHENDRAGARH,HARYANA,2019-2020,14775.0,14532.0,14356.0,0.0,172.0
MAHESANA,GUJARAT,2017-2018,36172.0,35592.0,35592.0,0.0,7288.0
MAHESANA,GUJARAT,2018-2019,32857.0,32169.0,32169.0,0.0,6622.0
MAHESANA,GUJARAT,2019-2020,34037.0,33883.0,33883.0,968.0,7381.0
MAHISAGAR,GUJARAT,2017-2018,19880.0,19880.0,19880.0,0.0,1607.0
MAHISAGAR,GUJARAT,2018-2019,20447.0,20252.0,20252.0,0.0,2107.0
MAHISAGAR,GUJARAT,2019-2020,20275.0,20275.0,20275.0,0.0,1984.0
MAHOBA,UTTAR PRADESH,2017-2018,19348.0,19043.0,18855.0,0.0,599.0
MAHOBA,UTTAR PRADESH,2018-2019,18940.0,18437.0,18264.0,0.0,565.0
MAHOBA,UTTAR PRADESH,2019-2020,20163.0,19503.0,19503.0,0.0,977.0
MAINPURI,UTTAR PRADESH,2017-2018,51307.0,48644.0,48644.0,40.0,1958.0
MAINPURI,UTTAR PRADESH,2018-2019,54480.0,53358.0,52677.0,0.0,1689.0
MAINPURI,UTTAR PRADESH,2019-2020,54734.0,54681.0,54221.0,86.0,1949.0
MALAPPURAM,KERALA,2017-2018,92896.0,87429.0,81676.0,6311.0,7657.0
MALAPPURAM,KERALA,2018-2019,95417.0,86472.0,83055.0,9672.0,7738.0
MALAPPURAM,KERALA,2019-2020,88870.0,85154.0,81837.0,5525.0,6758.0
MALDAH,WEST BENGAL,2017-2018,94196.0,92188.0,91572.0,0.0,1520.0
MALDAH,WEST BENGAL,2018-2019,95638.0,93325.0,91352.0,0.0,1780.0
MALDAH,WEST BENGAL,2019-2020,100308.0,99367.0,99367.0,0.0,1838.0
MALKANGIRI,ODISHA,2017-2018,12759.0,12391.0,12192.0,0.0,0.0
MALKANGIRI,ODISHA,2018-2019,13669.0,13465.0,13288.0,0.0,0.0
MALKANGIRI,ODISHA,2019-2020,12276.0,12227.0,12075.0,0.0,0.0
MAMIT,MIZORAM,2017-2018,1646.0,1562.0,1431.0,0.0,0.0
MAMIT,MIZORAM,2018-2019,1561.0,1523.0,1445.0,0.0,0.0
MAMIT,MIZORAM,2019-2020,1746.0,1669.0,1570.0,0.0,0.0
MANCHERIAL,TELANGANA,2017-2018,11929.0,11634.0,11634.0,0.0,3138.0
MANCHERIAL,TELANGANA,2018-2019,11184.0,10933.0,10933.0,0.0,2563.0
MANCHERIAL,TELANGANA,2019-2020,11992.0,11401.0,11401.0,0.0,3068.0
MANDI,HIMACHAL PRADESH,2017-2018,13865.0,13655.0,13655.0,65.0,0.0
MANDI,HIMACHAL PRADESH,2018-2019,13993.0,13796.0,13796.0,105.0,0.0
MANDI,HIMACHAL PRADESH,2019-2020,13363.0,13142.0,13142.0,48.0,0.0
MANDLA,MADHYA PRADESH,2017-2018,17986.0,17358.0,17358.0,572.0,1021.0
MANDLA,MADHYA PRADESH,2018-2019,19272.0,18863.0,18863.0,323.0,916.0
MANDLA,MADHYA PRADESH,2019-2020,20815.0,20804.0,20804.0,135.0,1543.0
MANDSAUR,MADHYA PRADESH,2017-2018,24419.0,23491.0,23246.0,0.0,1385.0
MANDSAUR,MADHYA PRADESH,2018-2019,26019.0,25257.0,24849.0,0.0,1354.0
MANDSAUR,MADHYA PRADESH,2019-2020,25713.0,25073.0,25073.0,0.0,1475.0
MANDYA,KARNATAKA,2017-2018,21810.0,20855.0,20855.0,335.0,1099.0
MANDYA,KARNATAKA,2018-2019,20643.0,20609.0,20247.0,365.0,976.0
MANDYA,KARNATAKA,2019-2020,19867.0,19738.0,19738.0,217.0,909.0
MANSA,PUNJAB,2017-2018,10778.0,10344.0,10285.0,0.0,580.0
MANSA,PUNJAB,2018-2019,10567.0,9966.0,9926.0,0.0,537.0
MANSA,PUNJAB,2019-2020,10420.0,9731.0,9557.0,0.0,621.0
MARIGAON,ASSAM,2017-2018,21674.0,21429.0,20783.0,0.0,0.0
MARIGAON,ASSAM,2018-2019,21155.0,20836.0,20468.0,18.0,0.0
MARIGAON,ASSAM,2019-2020,20548.0,20109.0,19735.0,23.0,0.0
MATHURA,UTTAR PRADESH,2017-2018,58600.0,58493.0,57831.0,0.0,7190.0
MATHURA,UTTAR PRADESH,2018-2019,67022.0,64338.0,64338.0,0.0,8484.0
MATHURA,UTTAR PRADESH,2019-2020,68019.0,68019.0,68019.0,0.0,9479.0
MAUNATHBHANJAN,UTTAR PRADESH,2017-2018,60606.0,60535.0,60535.0,0.0,5289.0
MAUNATHBHANJAN,UTTAR PRADESH,2018-2019,61067.0,59187.0,59187.0,0.0,2810.0
MAUNATHBHANJAN,UTTAR PRADESH,2019-2020,61692.0,60070.0,60070.0,0.0,5769.0
MAYURBHANJ,ODISHA,2017-2018,41022.0,40769.0,40461.0,0.0,28.0
MAYURBHANJ,ODISHA,2018-2019,39812.0,39235.0,39235.0,0.0,421.0
MAYURBHANJ,ODISHA,2019-2020,40597.0,40444.0,40397.0,0.0,542.0
MEDAK,TELANGANA,2017-2018,11774.0,11774.0,11774.0,0.0,959.0
MEDAK,TELANGANA,2018-2019,13542.0,13366.0,13366.0,0.0,1634.0
MEDAK,TELANGANA,2019-2020,13241.0,12723.0,12723.0,0.0,1003.0
MEDCHAL MALKAJGIRI,TELANGANA,2017-2018,54311.0,54311.0,54311.0,0.0,35837.0
MEDCHAL MALKAJGIRI,TELANGANA,2018-2019,57121.0,57121.0,57121.0,0.0,39540.0
MEDCHAL MALKAJGIRI,TELANGANA,2019-2020,61857.0,61746.0,61746.0,0.0,42151.0
MEERUT,UTTAR PRADESH,2017-2018,70056.0,64996.0,63394.0,583.0,19395.0
MEERUT,UTTAR PRADESH,2018-2019,85133.0,81732.0,80943.0,2483.0,37166.0
MEERUT,UTTAR PRADESH,2019-2020,84646.0,80742.0,80742.0,1393.0,35520.0
MEWAT,HARYANA,2017-2018,27369.0,22799.0,19018.0,0.0,131.0
MEWAT,HARYANA,2018-2019,30010.0,24322.0,20652.0,0.0,0.0
MEWAT,HARYANA,2019-2020,41417.0,37431.0,32731.0,0.0,0.0
MIRZAPUR,UTTAR PRADESH,2017-2018,62566.0,61322.0,61322.0,0.0,3392.0
MIRZAPUR,UTTAR PRADESH,2018-2019,70369.0,68814.0,68814.0,0.0,3015.0
MIRZAPUR,UTTAR PRADESH,2019-2020,70485.0,67997.0,67997.0,0.0,3842.0
MOGA,PUNJAB,2017-2018,14149.0,13464.0,13283.0,1113.0,1710.0
MOGA,PUNJAB,2018-2019,14686.0,14101.0,13892.0,974.0,2428.0
MOGA,PUNJAB,2019-2020,14452.0,14112.0,13965.0,918.0,2287.0
MOHALI SAS NAGAR,PUNJAB,2017-2018,17080.0,16851.0,16742.0,71.0,4862.0
MOHALI SAS NAGAR,PUNJAB,2018-2019,18900.0,17904.0,17715.0,121.0,5494.0
MOHALI SAS NAGAR,PUNJAB,2019-2020,19270.0,18307.0,17993.0,85.0,5378.0
MOKOKCHUNG,NAGALAND,2017-2018,1083.0,983.0,952.0,16.0,49.0
MOKOKCHUNG,NAGALAND,2018-2019,1237.0,1197.0,1160.0,9.0,99.0
MOKOKCHUNG,NAGALAND,2019-2020,1176.0,1150.0,1076.0,9.0,90.0
MON,NAGALAND,2017-2018,2820.0,2682.0,2611.0,0.0,0.0
MON,NAGALAND,2018-2019,2929.0,2601.0,2427.0,0.0,0.0
MON,NAGALAND,2019-2020,3057.0,3025.0,2818.0,0.0,0.0
MORADABAD,UTTAR PRADESH,2017-2018,77108.0,73591.0,73152.0,0.0,16146.0
MORADABAD,UTTAR PRADESH,2018-2019,71167.0,64672.0,64672.0,129.0,17220.0
MORADABAD,UTTAR PRADESH,2019-2020,87518.0,87518.0,87518.0,0.0,25500.0
MORBI,GUJARAT,2017-2018,23183.0,21872.0,21872.0,1100.0,5087.0
MORBI,GUJARAT,2018-2019,22744.0,22091.0,22091.0,827.0,4695.0
MORBI,GUJARAT,2019-2020,21535.0,20155.0,20155.0,663.0,5074.0
MORENA,MADHYA PRADESH,2017-2018,41009.0,38789.0,37747.0,0.0,4379.0
MORENA,MADHYA PRADESH,2018-2019,44476.0,41240.0,39836.0,0.0,4974.0
MORENA,MADHYA PRADESH,2019-2020,44189.0,42946.0,42430.0,0.0,5252.0
MUKTSAR,PUNJAB,2017-2018,12204.0,11896.0,11896.0,86.0,1739.0
MUKTSAR,PUNJAB,2018-2019,12765.0,12252.0,12252.0,46.0,1817.0
MUKTSAR,PUNJAB,2019-2020,12518.0,11934.0,11923.0,59.0,2162.0
MUNGELI,CHHATTISGARH,2017-2018,19527.0,19275.0,19275.0,110.0,578.0
MUNGELI,CHHATTISGARH,2018-2019,20272.0,20124.0,20124.0,0.0,845.0
MUNGELI,CHHATTISGARH,2019-2020,21496.0,21428.0,21428.0,0.0,843.0
MUNGER,BIHAR,2017-2018,28736.0,27806.0,26099.0,0.0,6767.0
MUNGER,BIHAR,2018-2019,28705.0,27121.0,25612.0,0.0,6678.0
MUNGER,BIHAR,2019-2020,30048.0,29974.0,29376.0,0.0,7242.0
MURSHIDABAD,WEST BENGAL,2017-2018,153895.0,150760.0,149340.0,0.0,7714.0
MURSHIDABAD,WEST BENGAL,2018-2019,156476.0,153230.0,152193.0,0.0,7647.0
MURSHIDABAD,WEST BENGAL,2019-2020,161762.0,160106.0,159551.0,0.0,8603.0
MUZAFFARNAGAR,UTTAR PRADESH,2017-2018,62118.0,60668.0,60668.0,0.0,6853.0
MUZAFFARNAGAR,UTTAR PRADESH,2018-2019,70091.0,65912.0,65912.0,0.0,8295.0
MUZAFFARNAGAR,UTTAR PRADESH,2019-2020,72300.0,68890.0,68890.0,0.0,11617.0
MUZAFFARPUR,BIHAR,2017-2018,106182.0,103940.0,98732.0,4208.0,6157.0
MUZAFFARPUR,BIHAR,2018-2019,112425.0,107763.0,101758.0,6958.0,6164.0
MUZAFFARPUR,BIHAR,2019-2020,120177.0,120177.0,120177.0,8180.0,7197.0
MYSORE,KARNATAKA,2017-2018,42110.0,41093.0,41093.0,2704.0,13636.0
MYSORE,KARNATAKA,2018-2019,41664.0,40867.0,40867.0,1945.0,13819.0
MYSORE,KARNATAKA,2019-2020,40492.0,38903.0,38903.0,2037.0,13887.0
NABARANGAPUR,ODISHA,2017-2018,26658.0,25805.0,24908.0,0.0,0.0
NABARANGAPUR,ODISHA,2018-2019,28524.0,28005.0,27726.0,0.0,0.0
NABARANGAPUR,ODISHA,2019-2020,27309.0,26676.0,26676.0,0.0,0.0
NADIA,WEST BENGAL,2017-2018,73617.0,72769.0,72359.0,0.0,6463.0
NADIA,WEST BENGAL,2018-2019,75527.0,72826.0,72624.0,0.0,6770.0
NADIA,WEST BENGAL,2019-2020,73841.0,72894.0,72743.0,0.0,6513.0
NAGAON,ASSAM,2017-2018,60956.0,60015.0,59262.0,666.0,879.0
NAGAON,ASSAM,2018-2019,58204.0,57318.0,57150.0,849.0,1563.0
NAGAON,ASSAM,2019-2020,59059.0,58070.0,57594.0,1031.0,1988.0
NAGAPATTINAM,TAMIL NADU,2017-2018,19218.0,19218.0,19218.0,1212.0,3087.0
NAGAPATTINAM,TAMIL NADU,2018-2019,19210.0,19166.0,19077.0,1283.0,3020.0
NAGAPATTINAM,TAMIL NADU,2019-2020,21072.0,21072.0,21072.0,1036.0,2794.0
NAGARKURNOOL,TELANGANA,2017-2018,14495.0,14119.0,14119.0,0.0,0.0
NAGARKURNOOL,TELANGANA,2018-2019,15188.0,14566.0,14566.0,0.0,0.0
NAGARKURNOOL,TELANGANA,2019-2020,14236.0,13571.0,13571.0,0.0,0.0
NAGAUR,RAJASTHAN,2017-2018,68085.0,66201.0,65856.0,0.0,9842.0
NAGAUR,RAJASTHAN,2018-2019,65210.0,63446.0,62631.0,0.0,9265.0
NAGAUR,RAJASTHAN,2019-2020,62116.0,60463.0,60041.0,0.0,8416.0
NAGPUR,MAHARASHTRA,2017-2018,68870.0,68792.0,68492.0,8746.0,25378.0
NAGPUR,MAHARASHTRA,2018-2019,69962.0,69956.0,69881.0,11156.0,24155.0
NAGPUR,MAHARASHTRA,2019-2020,69320.0,68674.0,68674.0,10415.0,26927.0
NAINITAL,UTTARAKHAND,2017-2018,14949.0,14375.0,14073.0,0.0,4470.0
NAINITAL,UTTARAKHAND,2018-2019,15906.0,15062.0,15062.0,564.0,4028.0
NAINITAL,UTTARAKHAND,2019-2020,16652.0,15615.0,15615.0,648.0,5066.0
NALANDA,BIHAR,2017-2018,72649.0,70329.0,67755.0,0.0,10488.0
NALANDA,BIHAR,2018-2019,70702.0,69274.0,66488.0,0.0,9845.0
NALANDA,BIHAR,2019-2020,76155.0,76155.0,75009.0,0.0,11039.0
NALBARI,ASSAM,2017-2018,14448.0,14121.0,13722.0,1904.0,0.0
NALBARI,ASSAM,2018-2019,14167.0,13684.0,13392.0,1791.0,0.0
NALBARI,ASSAM,2019-2020,14078.0,13727.0,13339.0,1575.0,0.0
NALGONDA,TELANGANA,2017-2018,23930.0,23930.0,23930.0,0.0,4179.0
NALGONDA,TELANGANA,2018-2019,22656.0,22534.0,22534.0,0.0,3580.0
NALGONDA,TELANGANA,2019-2020,23134.0,23056.0,23056.0,0.0,3946.0
NAMAKKAL,TAMIL NADU,2017-2018,18347.0,18347.0,18189.0,1989.0,4663.0
NAMAKKAL,TAMIL NADU,2018-2019,18776.0,18670.0,18670.0,1694.0,4897.0
NAMAKKAL,TAMIL NADU,2019-2020,18786.0,18553.0,18553.0,1499.0,4530.0
NAMSAI,ARUNACHAL PRADESH,2017-2018,1355.0,1210.0,1075.0,0.0,0.0
NAMSAI,ARUNACHAL PRADESH,2018-2019,2041.0,1978.0,1978.0,0.0,0.0
NAMSAI,ARUNACHAL PRADESH,2019-2020,2254.0,2232.0,2082.0,0.0,0.0
NANDED,MAHARASHTRA,2017-2018,64024.0,62928.0,62395.0,0.0,7489.0
NANDED,MAHARASHTRA,2018-2019,60502.0,60438.0,60001.0,20.0,8486.0
NANDED,MAHARASHTRA,2019-2020,60697.0,58986.0,58986.0,0.0,8920.0
NANDURBAR,MAHARASHTRA,2017-2018,34467.0,33875.0,33116.0,0.0,2655.0
NANDURBAR,MAHARASHTRA,2018-2019,34419.0,33993.0,32606.0,15.0,5149.0
NANDURBAR,MAHARASHTRA,2019-2020,37638.0,37198.0,32314.0,549.0,5988.0
NARAYANPUR,CHHATTISGARH,2017-2018,3084.0,3055.0,2884.0,0.0,0.0
NARAYANPUR,CHHATTISGARH,2018-2019,3098.0,3054.0,3052.0,0.0,0.0
NARAYANPUR,CHHATTISGARH,2019-2020,3564.0,3480.0,3427.0,0.0,0.0
NARMADA,GUJARAT,2017-2018,9819.0,9600.0,9434.0,0.0,329.0
NARMADA,GUJARAT,2018-2019,8655.0,8500.0,8408.0,0.0,186.0
NARMADA,GUJARAT,2019-2020,8867.0,8744.0,8630.0,0.0,183.0
NARSINGHPUR,MADHYA PRADESH,2017-2018,19207.0,18698.0,18698.0,0.0,1458.0
NARSINGHPUR,MADHYA PRADESH,2018-2019,19907.0,19562.0,19444.0,0.0,1562.0
NARSINGHPUR,MADHYA PRADESH,2019-2020,20021.0,19811.0,19811.0,0.0,1706.0
NASHIK,MAHARASHTRA,2017-2018,124718.0,121189.0,121189.0,2954.0,44253.0
NASHIK,MAHARASHTRA,2018-2019,124996.0,121022.0,121022.0,4106.0,40485.0
NASHIK,MAHARASHTRA,2019-2020,126028.0,121435.0,120889.0,784.0,45437.0
NAVSARI,GUJARAT,2017-2018,18554.0,18120.0,18046.0,294.0,4446.0
NAVSARI,GUJARAT,2018-2019,17150.0,16709.0,16512.0,259.0,4074.0
NAVSARI,GUJARAT,2019-2020,16268.0,16031.0,16031.0,261.0,3534.0
NAWADA,BIHAR,2017-2018,57796.0,57506.0,54978.0,0.0,6297.0
NAWADA,BIHAR,2018-2019,58023.0,58019.0,56055.0,0.0,6651.0
NAWADA,BIHAR,2019-2020,60219.0,60219.0,56041.0,0.0,6914.0
NAWANSHAHR,PUNJAB,2017-2018,8051.0,8021.0,8021.0,0.0,1027.0
NAWANSHAHR,PUNJAB,2018-2019,8049.0,8000.0,8000.0,0.0,862.0
NAWANSHAHR,PUNJAB,2019-2020,7655.0,7573.0,7573.0,0.0,884.0
NAYAGARH,ODISHA,2017-2018,14137.0,13822.0,13793.0,0.0,0.0
NAYAGARH,ODISHA,2018-2019,13692.0,13594.0,13594.0,0.0,0.0
NAYAGARH,ODISHA,2019-2020,13596.0,13548.0,13548.0,0.0,0.0
NEEMUCH,MADHYA PRADESH,2017-2018,13690.0,13690.0,13690.0,0.0,806.0
NEEMUCH,MADHYA PRADESH,2018-2019,15111.0,14595.0,14455.0,0.0,833.0
NEEMUCH,MADHYA PRADESH,2019-2020,15094.0,14461.0,14461.0,0.0,499.0
NELLORE,ANDHRA PRADESH,2017-2018,39421.0,39211.0,39211.0,762.0,4696.0
NELLORE,ANDHRA PRADESH,2018-2019,45899.0,45659.0,45659.0,345.0,9181.0
NELLORE,ANDHRA PRADESH,2019-2020,44862.0,44805.0,44805.0,340.0,8259.0
NEW DELHI,DELHI,2017-2018,17879.0,15915.0,15584.0,224.0,11038.0
NEW DELHI,DELHI,2018-2019,18618.0,15314.0,15013.0,362.0,11015.0
NEW DELHI,DELHI,2019-2020,17796.0,14765.0,14765.0,378.0,10416.0
NICOBAR,A & N ISLANDS,2017-2018,474.0,474.0,474.0,0.0,0.0
NICOBAR,A & N ISLANDS,2018-2019,409.0,409.0,409.0,0.0,0.0
NICOBAR,A & N ISLANDS,2019-2020,414.0,378.0,378.0,0.0,0.0
NILGIRIS,TAMIL NADU,2017-2018,6955.0,6955.0,6955.0,411.0,1809.0
NILGIRIS,TAMIL NADU,2018-2019,7078.0,7078.0,7078.0,340.0,1813.0
NILGIRIS,TAMIL NADU,2019-2020,7219.0,7059.0,7059.0,344.0,1793.0
NIRMAL,TELANGANA,2017-2018,10284.0,10284.0,10284.0,0.0,1111.0
NIRMAL,TELANGANA,2018-2019,11089.0,11008.0,11008.0,0.0,1640.0
NIRMAL,TELANGANA,2019-2020,11965.0,11965.0,11965.0,0.0,2764.0
NIZAMABAD,TELANGANA,2017-2018,27170.0,26066.0,26066.0,0.0,6708.0
NIZAMABAD,TELANGANA,2018-2019,30040.0,28110.0,28110.0,0.0,7715.0
NIZAMABAD,TELANGANA,2019-2020,28073.0,27200.0,27153.0,0.0,7681.0
NORTH,DELHI,2017-2018,28059.0,28059.0,28059.0,341.0,25235.0
NORTH,DELHI,2018-2019,28696.0,27711.0,26971.0,177.0,25448.0
NORTH,DELHI,2019-2020,28327.0,28327.0,27801.0,69.0,25287.0
NORTH,SIKKIM,2017-2018,477.0,477.0,477.0,0.0,0.0
NORTH,SIKKIM,2018-2019,585.0,562.0,552.0,0.0,0.0
NORTH,SIKKIM,2019-2020,548.0,548.0,548.0,0.0,0.0
NORTH AND MIDDLE ANDAMAN,A & N ISLANDS,2017-2018,1185.0,1152.0,1149.0,0.0,0.0
NORTH AND MIDDLE ANDAMAN,A & N ISLANDS,2018-2019,1106.0,1106.0,1106.0,0.0,0.0
NORTH AND MIDDLE ANDAMAN,A & N ISLANDS,2019-2020,1000.0,1000.0,968.0,0.0,0.0
NORTH EAST,DELHI,2017-2018,28961.0,28961.0,28961.0,151.0,27900.0
NORTH EAST,DELHI,2018-2019,29294.0,28411.0,26628.0,82.0,28424.0
NORTH EAST,DELHI,2019-2020,29043.0,29043.0,28893.0,108.0,28170.0
NORTH GARO HILLS,MEGHALAYA,2017-2018,4305.0,4245.0,3950.0,0.0,0.0
NORTH GARO HILLS,MEGHALAYA,2018-2019,3913.0,3806.0,3278.0,0.0,0.0
NORTH GARO HILLS,MEGHALAYA,2019-2020,4548.0,4389.0,4005.0,0.0,0.0
NORTH GOA,GOA,2017-2018,8558.0,8558.0,8558.0,665.0,1412.0
NORTH GOA,GOA,2018-2019,8548.0,8548.0,8548.0,606.0,1397.0
NORTH GOA,GOA,2019-2020,8425.0,8425.0,8425.0,749.0,1356.0
NORTH TRIPURA,TRIPURA,2017-2018,7253.0,6431.0,5740.0,0.0,0.0
NORTH TRIPURA,TRIPURA,2018-2019,7371.0,6552.0,6031.0,0.0,0.0
NORTH TRIPURA,TRIPURA,2019-2020,7439.0,7193.0,7066.0,0.0,0.0
NORTH TWENTY FOUR PARGANAS,WEST BENGAL,2017-2018,122163.0,121233.0,121191.0,1093.0,36532.0
NORTH TWENTY FOUR PARGANAS,WEST BENGAL,2018-2019,126195.0,123871.0,123871.0,976.0,39036.0
NORTH TWENTY FOUR PARGANAS,WEST BENGAL,2019-2020,124606.0,123335.0,123335.0,739.0,37382.0
NORTH WEST,DELHI,2017-2018,37963.0,37280.0,36911.0,952.0,26215.0
NORTH WEST,DELHI,2018-2019,39673.0,37786.0,36581.0,774.0,28250.0
NORTH WEST,DELHI,2019-2020,38318.0,37521.0,36924.0,668.0,27160.0
NUAPADA,ODISHA,2017-2018,12747.0,12238.0,11967.0,0.0,0.0
NUAPADA,ODISHA,2018-2019,12944.0,12698.0,12534.0,0.0,0.0
NUAPADA,ODISHA,2019-2020,11831.0,11814.0,11768.0,0.0,0.0
OSMANABAD,MAHARASHTRA,2017-2018,30422.0,29101.0,28920.0,890.0,2766.0
OSMANABAD,MAHARASHTRA,2018-2019,29925.0,28906.0,28066.0,630.0,4182.0
OSMANABAD,MAHARASHTRA,2019-2020,30237.0,28442.0,28442.0,749.0,4770.0
PAKUR,JHARKHAND,2017-2018,27000.0,26030.0,25691.0,0.0,848.0
PAKUR,JHARKHAND,2018-2019,26071.0,25100.0,23920.0,0.0,808.0
PAKUR,JHARKHAND,2019-2020,26372.0,26037.0,25000.0,0.0,508.0
PALAKKAD,KERALA,2017-2018,42981.0,41840.0,40058.0,4773.0,2212.0
PALAKKAD,KERALA,2018-2019,42395.0,42347.0,41053.0,4906.0,2625.0
PALAKKAD,KERALA,2019-2020,42492.0,40486.0,40337.0,5860.0,3416.0
PALAMU,JHARKHAND,2017-2018,47030.0,45854.0,44953.0,672.0,1213.0
PALAMU,JHARKHAND,2018-2019,45695.0,43508.0,42245.0,821.0,1002.0
PALAMU,JHARKHAND,2019-2020,47702.0,46086.0,46086.0,1275.0,1179.0
PALGHAR,MAHARASHTRA,2017-2018,59605.0,59120.0,58099.0,2231.0,23167.0
PALGHAR,MAHARASHTRA,2018-2019,57595.0,57595.0,57595.0,1917.0,22416.0
PALGHAR,MAHARASHTRA,2019-2020,61841.0,61841.0,61480.0,2351.0,25020.0
PALI,RAJASTHAN,2017-2018,45074.0,43502.0,43243.0,242.0,591.0
PALI,RAJASTHAN,2018-2019,42658.0,40853.0,39747.0,0.0,1654.0
PALI,RAJASTHAN,2019-2020,42065.0,40587.0,39609.0,0.0,2259.0
PALWAL,HARYANA,2017-2018,28576.0,26299.0,24956.0,169.0,3829.0
PALWAL,HARYANA,2018-2019,26715.0,23278.0,21780.0,150.0,2856.0
PALWAL,HARYANA,2019-2020,29273.0,28905.0,28905.0,62.0,3582.0
PANCH MAHALS,GUJARAT,2017-2018,33086.0,33086.0,32616.0,108.0,4246.0
PANCH MAHALS,GUJARAT,2018-2019,34098.0,33854.0,33854.0,0.0,4556.0
PANCH MAHALS,GUJARAT,2019-2020,32659.0,32346.0,32346.0,0.0,4194.0
PANCHKULA,HARYANA,2017-2018,11669.0,11494.0,11494.0,0.0,3674.0
PANCHKULA,HARYANA,2018-2019,12201.0,11953.0,11953.0,390.0,3711.0
PANCHKULA,HARYANA,2019-2020,12056.0,11958.0,11958.0,619.0,3829.0
PANIPAT,HARYANA,2017-2018,28614.0,27186.0,25995.0,1307.0,11777.0
PANIPAT,HARYANA,2018-2019,26538.0,25672.0,24493.0,230.0,7944.0
PANIPAT,HARYANA,2019-2020,26712.0,25628.0,25310.0,295.0,8736.0
PANNA,MADHYA PRADESH,2017-2018,25477.0,25244.0,25244.0,0.0,0.0
PANNA,MADHYA PRADESH,2018-2019,23194.0,22100.0,21991.0,0.0,0.0
PANNA,MADHYA PRADESH,2019-2020,26517.0,26199.0,26199.0,0.0,0.0
PAPUM PARE,ARUNACHAL PRADESH,2017-2018,3898.0,3494.0,3201.0,787.0,774.0
PAPUM PARE,ARUNACHAL PRADESH,2018-2019,3483.0,2978.0,2922.0,660.0,900.0
PAPUM PARE,ARUNACHAL PRADESH,2019-2020,4095.0,3863.0,3597.0,590.0,1223.0
PARBHANI,MAHARASHTRA,2017-2018,39004.0,36399.0,34587.0,0.0,9510.0
PARBHANI,MAHARASHTRA,2018-2019,39376.0,37146.0,34696.0,0.0,10928.0
PARBHANI,MAHARASHTRA,2019-2020,37659.0,36377.0,35219.0,33.0,10165.0
PASCHIM BARDDHAMAN,WEST BENGAL,2017-2018,39970.0,38583.0,38519.0,0.0,14254.0
PASCHIM BARDDHAMAN,WEST BENGAL,2018-2019,39406.0,38332.0,37950.0,290.0,13981.0
PASCHIM BARDDHAMAN,WEST BENGAL,2019-2020,39377.0,37834.0,37388.0,319.0,14089.0
PASCHIM MEDINIPUR,WEST BENGAL,2017-2018,73797.0,70884.0,70311.0,910.0,6104.0
PASCHIM MEDINIPUR,WEST BENGAL,2018-2019,70380.0,68848.0,68323.0,472.0,4994.0
PASCHIM MEDINIPUR,WEST BENGAL,2019-2020,70802.0,69984.0,69194.0,504.0,5009.0
PASHCHIMI SINGHBHUM,JHARKHAND,2017-2018,38624.0,38439.0,38304.0,1339.0,425.0
PASHCHIMI SINGHBHUM,JHARKHAND,2018-2019,37788.0,37178.0,36339.0,1383.0,170.0
PASHCHIMI SINGHBHUM,JHARKHAND,2019-2020,38120.0,37691.0,37171.0,1183.0,194.0
PATAN,GUJARAT,2017-2018,27351.0,27351.0,27351.0,29.0,3560.0
PATAN,GUJARAT,2018-2019,25316.0,25086.0,25086.0,0.0,3269.0
PATAN,GUJARAT,2019-2020,25910.0,25686.0,25686.0,9.0,3055.0
PATHANAMTHITTA,KERALA,2017-2018,15376.0,14114.0,13771.0,4648.0,3028.0
PATHANAMTHITTA,KERALA,2018-2019,14562.0,13809.0,13414.0,3469.0,2105.0
PATHANAMTHITTA,KERALA,2019-2020,13981.0,13475.0,13099.0,3177.0,2327.0
PATHANKOT,PUNJAB,2017-2018,9410.0,9211.0,9114.0,714.0,649.0
PATHANKOT,PUNJAB,2018-2019,9912.0,9567.0,9379.0,916.0,794.0
PATHANKOT,PUNJAB,2019-2020,9578.0,9317.0,9317.0,796.0,758.0
PATIALA,PUNJAB,2017-2018,28458.0,27569.0,27569.0,1517.0,10507.0
PATIALA,PUNJAB,2018-2019,27933.0,27349.0,27349.0,958.0,10623.0
PATIALA,PUNJAB,2019-2020,26314.0,25527.0,25527.0,301.0,9847.0
PATNA,BIHAR,2017-2018,129600.0,127561.0,124900.0,0.0,60688.0
PATNA,BIHAR,2018-2019,128731.0,125950.0,120503.0,6603.0,56416.0
PATNA,BIHAR,2019-2020,136871.0,136871.0,136705.0,7414.0,60552.0
PEDDAPALLI,TELANGANA,2017-2018,12681.0,11951.0,11951.0,0.0,3383.0
PEDDAPALLI,TELANGANA,2018-2019,13735.0,13003.0,13003.0,0.0,3888.0
PEDDAPALLI,TELANGANA,2019-2020,12746.0,12350.0,12350.0,0.0,3264.0
PERAMBALUR,TAMIL NADU,2017-2018,8081.0,8009.0,7973.0,296.0,296.0
PERAMBALUR,TAMIL NADU,2018-2019,8098.0,8098.0,8056.0,294.0,294.0
PERAMBALUR,TAMIL NADU,2019-2020,8341.0,8279.0,8203.0,279.0,279.0
PEREN,NAGALAND,2017-2018,1156.0,1049.0,909.0,0.0,0.0
PEREN,NAGALAND,2018-2019,1113.0,1029.0,919.0,0.0,0.0
PEREN,NAGALAND,2019-2020,1151.0,1066.0,974.0,0.0,0.0
PHEK,NAGALAND,2017-2018,1234.0,1170.0,1074.0,0.0,0.0
PHEK,NAGALAND,2018-2019,1451.0,1377.0,1364.0,0.0,0.0
PHEK,NAGALAND,2019-2020,1600.0,1521.0,1463.0,0.0,0.0
PILIBHIT,UTTAR PRADESH,2017-2018,45577.0,43538.0,42692.0,0.0,1653.0
PILIBHIT,UTTAR PRADESH,2018-2019,44142.0,41496.0,40394.0,1243.0,2757.0
PILIBHIT,UTTAR PRADESH,2019-2020,51259.0,50606.0,49748.0,65.0,2721.0
PITHORAGARH,UTTARAKHAND,2017-2018,6805.0,6714.0,6541.0,0.0,0.0
PITHORAGARH,UTTARAKHAND,2018-2019,6739.0,6739.0,6739.0,0.0,0.0
PITHORAGARH,UTTARAKHAND,2019-2020,6590.0,6590.0,6590.0,0.0,0.0
PONDICHERRY,PUDUCHERRY,2017-2018,14918.0,12633.0,12372.0,1659.0,10854.0
PONDICHERRY,PUDUCHERRY,2018-2019,13921.0,12207.0,12026.0,1769.0,10029.0
PONDICHERRY,PUDUCHERRY,2019-2020,13554.0,11993.0,11775.0,1346.0,9661.0
POONCH,JAMMU & KASHMIR,2017-2018,10966.0,10657.0,10657.0,0.0,0.0
POONCH,JAMMU & KASHMIR,2018-2019,10741.0,9994.0,9683.0,0.0,0.0
POONCH,JAMMU & KASHMIR,2019-2020,10496.0,9949.0,9622.0,0.0,0.0
PORBANDAR,GUJARAT,2017-2018,9443.0,9037.0,8777.0,701.0,2462.0
PORBANDAR,GUJARAT,2018-2019,8877.0,8366.0,8105.0,659.0,2252.0
PORBANDAR,GUJARAT,2019-2020,9334.0,8967.0,8643.0,0.0,2525.0
PRAKASAM,ANDHRA PRADESH,2017-2018,55898.0,54369.0,54369.0,210.0,5853.0
PRAKASAM,ANDHRA PRADESH,2018-2019,59874.0,58495.0,58495.0,536.0,6844.0
PRAKASAM,ANDHRA PRADESH,2019-2020,53614.0,52733.0,52733.0,425.0,6165.0
PRATAPGARH,RAJASTHAN,2017-2018,18118.0,17461.0,17308.0,0.0,253.0
PRATAPGARH,RAJASTHAN,2018-2019,18674.0,17830.0,17816.0,0.0,322.0
PRATAPGARH,RAJASTHAN,2019-2020,18100.0,17135.0,16949.0,0.0,522.0
PRATAPGARH,UTTAR PRADESH,2017-2018,58166.0,58166.0,57583.0,0.0,450.0
PRATAPGARH,UTTAR PRADESH,2018-2019,87803.0,85539.0,84589.0,0.0,1827.0
PRATAPGARH,UTTAR PRADESH,2019-2020,79037.0,75397.0,75076.0,0.0,1647.0
PUDUKKOTTAI,TAMIL NADU,2017-2018,23253.0,23236.0,23049.0,375.0,2462.0
PUDUKKOTTAI,TAMIL NADU,2018-2019,23254.0,23062.0,22853.0,331.0,2476.0
PUDUKKOTTAI,TAMIL NADU,2019-2020,23387.0,23323.0,23323.0,253.0,2277.0
PULWAMA,JAMMU & KASHMIR,2017-2018,9437.0,9234.0,9234.0,0.0,0.0
PULWAMA,JAMMU & KASHMIR,2018-2019,10146.0,9931.0,9604.0,0.0,0.0
PULWAMA,JAMMU & KASHMIR,2019-2020,9925.0,9721.0,9538.0,0.0,0.0
PUNE,MAHARASHTRA,2017-2018,142176.0,142176.0,142176.0,16422.0,56081.0
PUNE,MAHARASHTRA,2018-2019,158665.0,158665.0,158665.0,35004.0,52042.0
PUNE,MAHARASHTRA,2019-2020,166363.0,166363.0,166363.0,42065.0,53304.0
PURBA BARDDHAMAN,WEST BENGAL,2017-2018,74408.0,73017.0,72588.0,1212.0,5536.0
PURBA BARDDHAMAN,WEST BENGAL,2018-2019,73934.0,71948.0,71948.0,1257.0,4189.0
PURBA BARDDHAMAN,WEST BENGAL,2019-2020,71394.0,70241.0,70241.0,1571.0,4622.0
PURBA MEDINIPUR,WEST BENGAL,2017-2018,79533.0,77937.0,77550.0,0.0,5541.0
PURBA MEDINIPUR,WEST BENGAL,2018-2019,80368.0,78579.0,78208.0,0.0,5448.0
PURBA MEDINIPUR,WEST BENGAL,2019-2020,78539.0,77783.0,77443.0,0.0,5414.0
PURBI SINGHBHUM,JHARKHAND,2017-2018,42510.0,41491.0,41491.0,11113.0,15958.0
PURBI SINGHBHUM,JHARKHAND,2018-2019,39966.0,38255.0,37246.0,9512.0,14174.0
PURBI SINGHBHUM,JHARKHAND,2019-2020,42506.0,42411.0,42411.0,11342.0,17131.0
PURI,ODISHA,2017-2018,23222.0,22953.0,22476.0,0.0,1352.0
PURI,ODISHA,2018-2019,22695.0,22500.0,22377.0,0.0,1522.0
PURI,ODISHA,2019-2020,24744.0,24468.0,24231.0,0.0,1897.0
PURNIA,BIHAR,2017-2018,103087.0,100581.0,93433.0,0.0,7182.0
PURNIA,BIHAR,2018-2019,100726.0,99247.0,93244.0,0.0,7046.0
PURNIA,BIHAR,2019-2020,112135.0,112135.0,105259.0,0.0,8068.0
PURULIYA,WEST BENGAL,2017-2018,52752.0,51814.0,51814.0,0.0,1687.0
PURULIYA,WEST BENGAL,2018-2019,54138.0,52635.0,52587.0,0.0,2055.0
PURULIYA,WEST BENGAL,2019-2020,53815.0,53149.0,53149.0,0.0,2058.0
RAE BARELI,UTTAR PRADESH,2017-2018,56385.0,56385.0,56385.0,0.0,1865.0
RAE BARELI,UTTAR PRADESH,2018-2019,55771.0,53669.0,51851.0,0.0,1320.0
RAE BARELI,UTTAR PRADESH,2019-2020,58943.0,58642.0,58642.0,0.0,1661.0
RAICHUR,KARNATAKA,2017-2018,46935.0,45849.0,45849.0,797.0,5446.0
RAICHUR,KARNATAKA,2018-2019,46455.0,45610.0,45610.0,411.0,4953.0
RAICHUR,KARNATAKA,2019-2020,44517.0,43546.0,43546.0,163.0,4771.0
RAIGARH,CHHATTISGARH,2017-2018,24642.0,24085.0,24085.0,283.0,1971.0
RAIGARH,CHHATTISGARH,2018-2019,25195.0,25195.0,25066.0,261.0,2065.0
RAIGARH,CHHATTISGARH,2019-2020,25015.0,24792.0,24792.0,241.0,1795.0
RAIGARH,MAHARASHTRA,2017-2018,40547.0,40208.0,39975.0,4310.0,4498.0
RAIGARH,MAHARASHTRA,2018-2019,39595.0,38831.0,37983.0,5416.0,4226.0
RAIGARH,MAHARASHTRA,2019-2020,40326.0,40326.0,40326.0,2644.0,5925.0
RAIPUR,CHHATTISGARH,2017-2018,43935.0,43680.0,43680.0,3416.0,21852.0
RAIPUR,CHHATTISGARH,2018-2019,50306.0,50041.0,50041.0,7458.0,28471.0
RAIPUR,CHHATTISGARH,2019-2020,52284.0,51713.0,51713.0,6348.0,31110.0
RAISEN,MADHYA PRADESH,2017-2018,30860.0,30251.0,30251.0,0.0,2626.0
RAISEN,MADHYA PRADESH,2018-2019,30754.0,30393.0,30393.0,0.0,2399.0
RAISEN,MADHYA PRADESH,2019-2020,30958.0,30859.0,30859.0,0.0,2758.0
RAJANNA SIRCILLA,TELANGANA,2017-2018,9292.0,8997.0,8900.0,0.0,1032.0
RAJANNA SIRCILLA,TELANGANA,2018-2019,9215.0,9027.0,9027.0,0.0,985.0
RAJANNA SIRCILLA,TELANGANA,2019-2020,9301.0,8979.0,8925.0,0.0,817.0
RAJGARH,MADHYA PRADESH,2017-2018,30579.0,30090.0,30027.0,0.0,1728.0
RAJGARH,MADHYA PRADESH,2018-2019,35744.0,35263.0,35089.0,0.0,1840.0
RAJGARH,MADHYA PRADESH,2019-2020,36975.0,36278.0,36278.0,0.0,1906.0
RAJKOT,GUJARAT,2017-2018,58499.0,56342.0,56342.0,502.0,31343.0
RAJKOT,GUJARAT,2018-2019,58980.0,56279.0,56279.0,1243.0,32726.0
RAJKOT,GUJARAT,2019-2020,54619.0,51595.0,51595.0,114.0,30193.0
RAJNANDGAON,CHHATTISGARH,2017-2018,28583.0,28045.0,28045.0,261.0,2348.0
RAJNANDGAON,CHHATTISGARH,2018-2019,29815.0,29379.0,29362.0,229.0,2680.0
RAJNANDGAON,CHHATTISGARH,2019-2020,28603.0,28603.0,28603.0,347.0,2783.0
RAJOURI,JAMMU & KASHMIR,2017-2018,13370.0,12783.0,12701.0,0.0,0.0
RAJOURI,JAMMU & KASHMIR,2018-2019,12536.0,11513.0,11451.0,0.0,0.0
RAJOURI,JAMMU & KASHMIR,2019-2020,13431.0,12917.0,12593.0,0.0,0.0
RAJSAMAND,RAJASTHAN,2017-2018,31844.0,30178.0,29750.0,0.0,1649.0
RAJSAMAND,RAJASTHAN,2018-2019,28334.0,27256.0,26444.0,0.0,1436.0
RAJSAMAND,RAJASTHAN,2019-2020,24960.0,24096.0,23377.0,0.0,987.0
RAMANAGAR,KARNATAKA,2017-2018,13270.0,13214.0,13214.0,395.0,850.0
RAMANAGAR,KARNATAKA,2018-2019,13309.0,13227.0,13195.0,210.0,1264.0
RAMANAGAR,KARNATAKA,2019-2020,13729.0,13162.0,13162.0,302.0,1210.0
RAMANATHAPURAM,TAMIL NADU,2017-2018,19055.0,18808.0,18804.0,1130.0,2923.0
RAMANATHAPURAM,TAMIL NADU,2018-2019,19908.0,19908.0,19908.0,1158.0,3510.0
RAMANATHAPURAM,TAMIL NADU,2019-2020,18629.0,18629.0,18629.0,820.0,2563.0
RAMBAN,JAMMU & KASHMIR,2017-2018,6836.0,6467.0,6145.0,0.0,0.0
RAMBAN,JAMMU & KASHMIR,2018-2019,7156.0,6747.0,6351.0,0.0,0.0
RAMBAN,JAMMU & KASHMIR,2019-2020,7965.0,7346.0,7327.0,0.0,0.0
RAMGARH,JHARKHAND,2017-2018,21780.0,20593.0,19976.0,4127.0,329.0
RAMGARH,JHARKHAND,2018-2019,21260.0,20407.0,20149.0,4440.0,241.0
RAMGARH,JHARKHAND,2019-2020,20570.0,20135.0,20135.0,3262.0,339.0
RAMPUR,UTTAR PRADESH,2017-2018,50468.0,48981.0,48981.0,0.0,5172.0
RAMPUR,UTTAR PRADESH,2018-2019,58786.0,56407.0,53311.0,0.0,4453.0
RAMPUR,UTTAR PRADESH,2019-2020,61898.0,59607.0,59607.0,0.0,7623.0
RANCHI,JHARKHAND,2017-2018,72322.0,70191.0,69800.0,15382.0,4078.0
RANCHI,JHARKHAND,2018-2019,77973.0,75641.0,74998.0,22989.0,4284.0
RANCHI,JHARKHAND,2019-2020,69922.0,68912.0,68818.0,18396.0,6411.0
RANGA REDDY,TELANGANA,2017-2018,46949.0,46800.0,46800.0,0.0,11207.0
RANGA REDDY,TELANGANA,2018-2019,47362.0,47362.0,47362.0,0.0,11174.0
RANGA REDDY,TELANGANA,2019-2020,55414.0,55156.0,55156.0,0.0,14286.0
RATLAM,MADHYA PRADESH,2017-2018,32368.0,31271.0,31271.0,294.0,5719.0
RATLAM,MADHYA PRADESH,2018-2019,35521.0,34350.0,33906.0,319.0,8079.0
RATLAM,MADHYA PRADESH,2019-2020,34967.0,34799.0,34799.0,148.0,6746.0
RATNAGIRI,MAHARASHTRA,2017-2018,18340.0,17784.0,17767.0,494.0,261.0
RATNAGIRI,MAHARASHTRA,2018-2019,17158.0,16783.0,16783.0,283.0,377.0
RATNAGIRI,MAHARASHTRA,2019-2020,16533.0,16084.0,16051.0,277.0,912.0
RAYAGADA,ODISHA,2017-2018,20245.0,19991.0,19834.0,0.0,618.0
RAYAGADA,ODISHA,2018-2019,20713.0,20636.0,20636.0,0.0,829.0
RAYAGADA,ODISHA,2019-2020,19829.0,19659.0,19659.0,0.0,1057.0
REASI,JAMMU & KASHMIR,2017-2018,7277.0,7277.0,7111.0,0.0,0.0
REASI,JAMMU & KASHMIR,2018-2019,6829.0,6636.0,6636.0,0.0,0.0
REASI,JAMMU & KASHMIR,2019-2020,7571.0,7410.0,7373.0,0.0,0.0
REWA,MADHYA PRADESH,2017-2018,59706.0,57455.0,55827.0,271.0,6778.0
REWA,MADHYA PRADESH,2018-2019,54201.0,50144.0,48075.0,123.0,2661.0
REWA,MADHYA PRADESH,2019-2020,58541.0,56737.0,56737.0,308.0,3351.0
REWARI,HARYANA,2017-2018,15579.0,15288.0,14975.0,60.0,2326.0
REWARI,HARYANA,2018-2019,15645.0,14947.0,14715.0,114.0,2361.0
REWARI,HARYANA,2019-2020,15242.0,14999.0,14503.0,349.0,2126.0
RI BHOI,MEGHALAYA,2017-2018,6481.0,6072.0,5796.0,36.0,0.0
RI BHOI,MEGHALAYA,2018-2019,7099.0,6812.0,6329.0,47.0,0.0
RI BHOI,MEGHALAYA,2019-2020,7159.0,6789.0,6379.0,35.0,0.0
ROHTAK,HARYANA,2017-2018,19623.0,18421.0,18004.0,0.0,6927.0
ROHTAK,HARYANA,2018-2019,18644.0,17931.0,17554.0,0.0,4506.0
ROHTAK,HARYANA,2019-2020,18862.0,17958.0,17720.0,206.0,5115.0
ROHTAS,BIHAR,2017-2018,69663.0,69068.0,68105.0,0.0,16707.0
ROHTAS,BIHAR,2018-2019,69996.0,67633.0,64974.0,0.0,15232.0
ROHTAS,BIHAR,2019-2020,74611.0,74347.0,74347.0,0.0,17773.0
RUDRAPRAYAG,UTTARAKHAND,2017-2018,3479.0,3467.0,3373.0,0.0,0.0
RUDRAPRAYAG,UTTARAKHAND,2018-2019,3243.0,3243.0,3243.0,0.0,0.0
RUDRAPRAYAG,UTTARAKHAND,2019-2020,3333.0,3332.0,3332.0,0.0,0.0
RUPNAGAR,PUNJAB,2017-2018,10708.0,10589.0,10576.0,0.0,266.0
RUPNAGAR,PUNJAB,2018-2019,10403.0,10145.0,10025.0,0.0,331.0
RUPNAGAR,PUNJAB,2019-2020,9816.0,9599.0,9515.0,0.0,241.0
SABAR KANTHA,GUJARAT,2017-2018,29611.0,28952.0,28608.0,0.0,1378.0
SABAR KANTHA,GUJARAT,2018-2019,29560.0,28782.0,28782.0,395.0,1766.0
SABAR KANTHA,GUJARAT,2019-2020,30205.0,29729.0,29501.0,1172.0,2682.0
SAGAR,MADHYA PRADESH,2017-2018,51332.0,50599.0,50599.0,0.0,3921.0
SAGAR,MADHYA PRADESH,2018-2019,50884.0,49478.0,49394.0,0.0,3242.0
SAGAR,MADHYA PRADESH,2019-2020,58950.0,58950.0,58950.0,0.0,2965.0
SAHARANPUR,UTTAR PRADESH,2017-2018,82422.0,81849.0,81849.0,170.0,12433.0
SAHARANPUR,UTTAR PRADESH,2018-2019,94922.0,92334.0,92334.0,16281.0,18833.0
SAHARANPUR,UTTAR PRADESH,2019-2020,108215.0,107453.0,107453.0,21928.0,26687.0
SAHARSA,BIHAR,2017-2018,56899.0,55654.0,53502.0,0.0,3633.0
SAHARSA,BIHAR,2018-2019,57012.0,53774.0,51193.0,0.0,4499.0
SAHARSA,BIHAR,2019-2020,60717.0,60717.0,59262.0,0.0,6416.0
SAHIBGANJ,JHARKHAND,2017-2018,30620.0,27798.0,26555.0,67.0,543.0
SAHIBGANJ,JHARKHAND,2018-2019,30748.0,27581.0,25307.0,61.0,779.0
SAHIBGANJ,JHARKHAND,2019-2020,30317.0,28795.0,27862.0,51.0,903.0
SAIHA,MIZORAM,2017-2018,920.0,920.0,920.0,0.0,0.0
SAIHA,MIZORAM,2018-2019,1319.0,1259.0,1207.0,0.0,0.0
SAIHA,MIZORAM,2019-2020,1234.0,1234.0,1188.0,0.0,0.0
SALEM,TAMIL NADU,2017-2018,51826.0,51483.0,51409.0,6180.0,15459.0
SALEM,TAMIL NADU,2018-2019,51939.0,51899.0,51632.0,5288.0,15877.0
SALEM,TAMIL NADU,2019-2020,49917.0,49917.0,49917.0,4004.0,14261.0
SAMASTIPUR,BIHAR,2017-2018,117673.0,114850.0,109596.0,14.0,6483.0
SAMASTIPUR,BIHAR,2018-2019,109376.0,101456.0,91849.0,267.0,5493.0
SAMASTIPUR,BIHAR,2019-2020,120288.0,120288.0,117976.0,0.0,6348.0
SAMBA,JAMMU & KASHMIR,2017-2018,5483.0,5348.0,5257.0,0.0,0.0
SAMBA,JAMMU & KASHMIR,2018-2019,5535.0,5303.0,5303.0,0.0,0.0
SAMBA,JAMMU & KASHMIR,2019-2020,5591.0,5471.0,5471.0,0.0,0.0
SAMBALPUR,ODISHA,2017-2018,15777.0,15772.0,15250.0,0.0,4668.0
SAMBALPUR,ODISHA,2018-2019,17281.0,17202.0,16946.0,1926.0,4457.0
SAMBALPUR,ODISHA,2019-2020,15223.0,15223.0,15223.0,34.0,4416.0
SAMBHAL,UTTAR PRADESH,2017-2018,58960.0,57490.0,57490.0,0.0,2485.0
SAMBHAL,UTTAR PRADESH,2018-2019,51156.0,44933.0,44297.0,0.0,3903.0
SAMBHAL,UTTAR PRADESH,2019-2020,61218.0,59650.0,59650.0,0.0,5454.0
SANGAREDDY,TELANGANA,2017-2018,27514.0,26987.0,26987.0,0.0,5088.0
SANGAREDDY,TELANGANA,2018-2019,27427.0,26870.0,26825.0,0.0,3973.0
SANGAREDDY,TELANGANA,2019-2020,28288.0,27769.0,27769.0,0.0,3917.0
SANGLI,MAHARASHTRA,2017-2018,48564.0,47839.0,47839.0,895.0,9017.0
SANGLI,MAHARASHTRA,2018-2019,50179.0,48950.0,48950.0,2109.0,8756.0
SANGLI,MAHARASHTRA,2019-2020,51753.0,50400.0,50400.0,1245.0,8277.0
SANGRUR,PUNJAB,2017-2018,21727.0,21246.0,21246.0,28.0,4769.0
SANGRUR,PUNJAB,2018-2019,22076.0,21238.0,21203.0,0.0,5217.0
SANGRUR,PUNJAB,2019-2020,20949.0,20019.0,20019.0,0.0,4713.0
SANT KABIR NAGAR,UTTAR PRADESH,2017-2018,39761.0,39152.0,39152.0,0.0,576.0
SANT KABIR NAGAR,UTTAR PRADESH,2018-2019,43460.0,41641.0,41641.0,0.0,1523.0
SANT KABIR NAGAR,UTTAR PRADESH,2019-2020,46248.0,45331.0,45331.0,0.0,674.0
SANT RAVIDAS NAGAR,UTTAR PRADESH,2017-2018,38354.0,36328.0,36328.0,0.0,1196.0
SANT RAVIDAS NAGAR,UTTAR PRADESH,2018-2019,33774.0,31031.0,29951.0,0.0,907.0
SANT RAVIDAS NAGAR,UTTAR PRADESH,2019-2020,39325.0,37021.0,37021.0,0.0,1414.0
SARAIKELA,JHARKHAND,2017-2018,26566.0,25751.0,25646.0,0.0,4258.0
SARAIKELA,JHARKHAND,2018-2019,26404.0,25927.0,25681.0,471.0,4429.0
SARAIKELA,JHARKHAND,2019-2020,25566.0,25294.0,25294.0,295.0,4154.0
SARAN,BIHAR,2017-2018,93781.0,93781.0,92538.0,0.0,5573.0
SARAN,BIHAR,2018-2019,95305.0,94416.0,92200.0,0.0,5376.0
SARAN,BIHAR,2019-2020,99350.0,99350.0,99350.0,0.0,5786.0
SATARA,MAHARASHTRA,2017-2018,48504.0,47991.0,47991.0,1317.0,2305.0
SATARA,MAHARASHTRA,2018-2019,47344.0,45936.0,45936.0,859.0,2725.0
SATARA,MAHARASHTRA,2019-2020,46007.0,45439.0,45439.0,1163.0,2875.0
SATNA,MADHYA PRADESH,2017-2018,48094.0,46693.0,46516.0,667.0,6345.0
SATNA,MADHYA PRADESH,2018-2019,49359.0,47221.0,47221.0,401.0,6144.0
SATNA,MADHYA PRADESH,2019-2020,54164.0,53528.0,53528.0,0.0,6613.0
SAWAI MADHOPUR,RAJASTHAN,2017-2018,29279.0,28832.0,28624.0,277.0,5265.0
SAWAI MADHOPUR,RAJASTHAN,2018-2019,29208.0,28464.0,28464.0,94.0,4897.0
SAWAI MADHOPUR,RAJASTHAN,2019-2020,27464.0,26312.0,25741.0,113.0,4715.0
SEHORE,MADHYA PRADESH,2017-2018,29548.0,29006.0,28904.0,16.0,4175.0
SEHORE,MADHYA PRADESH,2018-2019,31015.0,30003.0,29987.0,0.0,4321.0
SEHORE,MADHYA PRADESH,2019-2020,35529.0,34301.0,34301.0,0.0,4987.0
SENAPATI,MANIPUR,2017-2018,6985.0,6870.0,6796.0,0.0,0.0
SENAPATI,MANIPUR,2018-2019,7084.0,6761.0,6640.0,0.0,0.0
SENAPATI,MANIPUR,2019-2020,7145.0,6905.0,6664.0,0.0,0.0
SEONI,MADHYA PRADESH,2017-2018,23623.0,23351.0,23351.0,0.0,468.0
SEONI,MADHYA PRADESH,2018-2019,24521.0,23999.0,23959.0,0.0,322.0
SEONI,MADHYA PRADESH,2019-2020,25333.0,25333.0,25333.0,0.0,171.0
SERCHHIP,MIZORAM,2017-2018,987.0,987.0,985.0,0.0,0.0
SERCHHIP,MIZORAM,2018-2019,1018.0,1018.0,1018.0,0.0,0.0
SERCHHIP,MIZORAM,2019-2020,1018.0,1008.0,1008.0,0.0,0.0
SHAHDARA,DELHI,2017-2018,26636.0,24921.0,24154.0,1412.0,21017.0
SHAHDARA,DELHI,2018-2019,26583.0,23368.0,23040.0,1520.0,20852.0
SHAHDARA,DELHI,2019-2020,25700.0,23780.0,23295.0,1344.0,21184.0
SHAHDOL,MADHYA PRADESH,2017-2018,20317.0,19604.0,18945.0,117.0,1502.0
SHAHDOL,MADHYA PRADESH,2018-2019,19987.0,18701.0,18361.0,107.0,1491.0
SHAHDOL,MADHYA PRADESH,2019-2020,23101.0,22933.0,22540.0,127.0,1951.0
SHAHJAHANPUR,UTTAR PRADESH,2017-2018,74971.0,73389.0,73389.0,0.0,6535.0
SHAHJAHANPUR,UTTAR PRADESH,2018-2019,79081.0,71693.0,70896.0,9493.0,14126.0
SHAHJAHANPUR,UTTAR PRADESH,2019-2020,79122.0,77451.0,77305.0,0.0,6653.0
SHAJAPUR,MADHYA PRADESH,2017-2018,19116.0,18634.0,18629.0,0.0,1147.0
SHAJAPUR,MADHYA PRADESH,2018-2019,20585.0,19998.0,19892.0,60.0,1409.0
SHAJAPUR,MADHYA PRADESH,2019-2020,20610.0,20610.0,20610.0,0.0,1474.0
SHAMLI,UTTAR PRADESH,2017-2018,34178.0,31922.0,31922.0,0.0,2409.0
SHAMLI,UTTAR PRADESH,2018-2019,32745.0,30128.0,30128.0,0.0,2780.0
SHAMLI,UTTAR PRADESH,2019-2020,38208.0,36148.0,36148.0,0.0,3546.0
SHEIKHPURA,BIHAR,2017-2018,17072.0,16678.0,16112.0,0.0,3222.0
SHEIKHPURA,BIHAR,2018-2019,16531.0,16401.0,15596.0,0.0,3074.0
SHEIKHPURA,BIHAR,2019-2020,17899.0,17899.0,17372.0,0.0,3121.0
SHEOHAR,BIHAR,2017-2018,19222.0,18885.0,17578.0,0.0,0.0
SHEOHAR,BIHAR,2018-2019,21458.0,21407.0,20693.0,0.0,0.0
SHEOHAR,BIHAR,2019-2020,19584.0,19584.0,18232.0,0.0,0.0
SHEOPUR,MADHYA PRADESH,2017-2018,14755.0,14094.0,13397.0,0.0,815.0
SHEOPUR,MADHYA PRADESH,2018-2019,16860.0,15680.0,14967.0,0.0,860.0
SHEOPUR,MADHYA PRADESH,2019-2020,17935.0,17672.0,17438.0,0.0,977.0
SHIMLA,HIMACHAL PRADESH,2017-2018,11135.0,11051.0,10924.0,0.0,676.0
SHIMLA,HIMACHAL PRADESH,2018-2019,10910.0,10610.0,10475.0,0.0,600.0
SHIMLA,HIMACHAL PRADESH,2019-2020,10432.0,10196.0,9851.0,0.0,588.0
SHIMOGA,KARNATAKA,2017-2018,28361.0,26955.0,26955.0,1379.0,6920.0
SHIMOGA,KARNATAKA,2018-2019,27742.0,26793.0,26793.0,1941.0,7306.0
SHIMOGA,KARNATAKA,2019-2020,26428.0,25463.0,25463.0,1446.0,6950.0
SHIVPURI,MADHYA PRADESH,2017-2018,41734.0,40386.0,39320.0,0.0,1209.0
SHIVPURI,MADHYA PRADESH,2018-2019,38965.0,36339.0,35255.0,0.0,764.0
SHIVPURI,MADHYA PRADESH,2019-2020,45348.0,44269.0,44269.0,0.0,1531.0
SHOPIAN,JAMMU & KASHMIR,2017-2018,4297.0,4257.0,4257.0,0.0,0.0
SHOPIAN,JAMMU & KASHMIR,2018-2019,4388.0,4135.0,4135.0,0.0,0.0
SHOPIAN,JAMMU & KASHMIR,2019-2020,4543.0,4328.0,4328.0,0.0,0.0
SHRAWASTI,UTTAR PRADESH,2017-2018,37276.0,35661.0,34111.0,0.0,0.0
SHRAWASTI,UTTAR PRADESH,2018-2019,33709.0,31443.0,31302.0,0.0,0.0
SHRAWASTI,UTTAR PRADESH,2019-2020,39392.0,38888.0,38387.0,0.0,0.0
SIANG,ARUNACHAL PRADESH,2017-2018,353.0,347.0,347.0,0.0,0.0
SIANG,ARUNACHAL PRADESH,2018-2019,343.0,343.0,343.0,0.0,0.0
SIANG,ARUNACHAL PRADESH,2019-2020,308.0,308.0,308.0,0.0,0.0
SIBSAGAR,ASSAM,2017-2018,16688.0,16477.0,16223.0,1686.0,1122.0
SIBSAGAR,ASSAM,2018-2019,16933.0,16566.0,16318.0,1870.0,1248.0
SIBSAGAR,ASSAM,2019-2020,17292.0,17071.0,16619.0,1855.0,1202.0
SIDDHARTH NAGAR,UTTAR PRADESH,2017-2018,63939.0,58053.0,54560.0,0.0,220.0
SIDDHARTH NAGAR,UTTAR PRADESH,2018-2019,66125.0,60127.0,60127.0,1001.0,227.0
SIDDHARTH NAGAR,UTTAR PRADESH,2019-2020,73173.0,70545.0,67943.0,328.0,445.0
SIDDIPET,TELANGANA,2017-2018,19762.0,18089.0,17698.0,0.0,6103.0
SIDDIPET,TELANGANA,2018-2019,19419.0,17842.0,17431.0,0.0,5660.0
SIDDIPET,TELANGANA,2019-2020,18105.0,16948.0,16763.0,0.0,2524.0
SIDHI,MADHYA PRADESH,2017-2018,27071.0,27006.0,27006.0,0.0,40.0
SIDHI,MADHYA PRADESH,2018-2019,28706.0,28526.0,28526.0,0.0,50.0
SIDHI,MADHYA PRADESH,2019-2020,31990.0,31545.0,31545.0,0.0,44.0
SIKAR,RAJASTHAN,2017-2018,48610.0,47699.0,47628.0,0.0,5229.0
SIKAR,RAJASTHAN,2018-2019,45908.0,45240.0,45114.0,0.0,5519.0
SIKAR,RAJASTHAN,2019-2020,42943.0,42361.0,42361.0,0.0,6527.0
SIMDEGA,JHARKHAND,2017-2018,12435.0,12308.0,12185.0,1.0,0.0
SIMDEGA,JHARKHAND,2018-2019,11749.0,11749.0,11526.0,0.0,0.0
SIMDEGA,JHARKHAND,2019-2020,11580.0,11580.0,11580.0,0.0,0.0
SINDHUDURG,MAHARASHTRA,2017-2018,8408.0,8279.0,7990.0,323.0,523.0
SINDHUDURG,MAHARASHTRA,2018-2019,7999.0,7933.0,7744.0,236.0,579.0
SINDHUDURG,MAHARASHTRA,2019-2020,7753.0,7740.0,7556.0,139.0,572.0
SINGROLI,MADHYA PRADESH,2017-2018,33075.0,32386.0,31506.0,1208.0,1314.0
SINGROLI,MADHYA PRADESH,2018-2019,35034.0,34791.0,34769.0,0.0,287.0
SINGROLI,MADHYA PRADESH,2019-2020,31881.0,31508.0,31483.0,0.0,37.0
SIPAHIJALA,TRIPURA,2017-2018,7528.0,7222.0,6932.0,0.0,456.0
SIPAHIJALA,TRIPURA,2018-2019,7466.0,7369.0,7261.0,0.0,421.0
SIPAHIJALA,TRIPURA,2019-2020,7263.0,7225.0,7158.0,0.0,415.0
SIRMAUR,HIMACHAL PRADESH,2017-2018,9372.0,9250.0,9072.0,0.0,0.0
SIRMAUR,HIMACHAL PRADESH,2018-2019,9457.0,9354.0,9108.0,0.0,0.0
SIRMAUR,HIMACHAL PRADESH,2019-2020,9338.0,9191.0,9061.0,0.0,0.0
SIROHI,RAJASTHAN,2017-2018,24770.0,24461.0,24461.0,0.0,1006.0
SIROHI,RAJASTHAN,2018-2019,25540.0,24976.0,24556.0,0.0,941.0
SIROHI,RAJASTHAN,2019-2020,24760.0,24328.0,24310.0,0.0,1075.0
SIRSA,HARYANA,2017-2018,24818.0,24052.0,24052.0,3219.0,8447.0
SIRSA,HARYANA,2018-2019,24907.0,23784.0,23217.0,3172.0,6120.0
SIRSA,HARYANA,2019-2020,23377.0,23321.0,23298.0,1496.0,4912.0
SITAMARHI,BIHAR,2017-2018,96727.0,95653.0,91042.0,0.0,9702.0
SITAMARHI,BIHAR,2018-2019,93717.0,91467.0,86694.0,0.0,8383.0
SITAMARHI,BIHAR,2019-2020,97827.0,95550.0,88494.0,0.0,9772.0
SITAPUR,UTTAR PRADESH,2017-2018,123313.0,114156.0,105634.0,0.0,4310.0
SITAPUR,UTTAR PRADESH,2018-2019,137509.0,123653.0,119855.0,8.0,4052.0
SITAPUR,UTTAR PRADESH,2019-2020,139485.0,130832.0,130832.0,0.0,4757.0
SIVAGANGA,TAMIL NADU,2017-2018,17919.0,17689.0,17678.0,557.0,2637.0
SIVAGANGA,TAMIL NADU,2018-2019,18046.0,17917.0,17917.0,292.0,2218.0
SIVAGANGA,TAMIL NADU,2019-2020,17910.0,17848.0,17848.0,270.0,2217.0
SIWAN,BIHAR,2017-2018,91054.0,88919.0,88919.0,0.0,7276.0
SIWAN,BIHAR,2018-2019,91112.0,90158.0,88825.0,0.0,7154.0
SIWAN,BIHAR,2019-2020,94288.0,93296.0,92218.0,0.0,7386.0
SOLAN,HIMACHAL PRADESH,2017-2018,10259.0,10171.0,10171.0,0.0,67.0
SOLAN,HIMACHAL PRADESH,2018-2019,10355.0,10355.0,10355.0,0.0,69.0
SOLAN,HIMACHAL PRADESH,2019-2020,10568.0,10568.0,10568.0,0.0,70.0
SOLAPUR,MAHARASHTRA,2017-2018,82085.0,80239.0,80239.0,1021.0,24505.0
SOLAPUR,MAHARASHTRA,2018-2019,78105.0,75163.0,74887.0,3318.0,19609.0
SOLAPUR,MAHARASHTRA,2019-2020,80110.0,77152.0,77152.0,3055.0,21472.0
SONAPUR,ODISHA,2017-2018,9497.0,9176.0,9058.0,0.0,0.0
SONAPUR,ODISHA,2018-2019,9371.0,9182.0,9042.0,0.0,0.0
SONAPUR,ODISHA,2019-2020,9209.0,9185.0,9185.0,0.0,0.0
SONBHADRA,UTTAR PRADESH,2017-2018,44500.0,44337.0,43334.0,89.0,910.0
SONBHADRA,UTTAR PRADESH,2018-2019,41493.0,40035.0,39598.0,85.0,839.0
SONBHADRA,UTTAR PRADESH,2019-2020,48136.0,46875.0,46482.0,80.0,954.0
SONIPAT,HARYANA,2017-2018,29386.0,28413.0,27767.0,507.0,7419.0
SONIPAT,HARYANA,2018-2019,30328.0,29575.0,29575.0,264.0,5127.0
SONIPAT,HARYANA,2019-2020,30951.0,30332.0,30332.0,544.0,5124.0
SONITPUR,ASSAM,2017-2018,33810.0,33165.0,33165.0,3554.0,582.0
SONITPUR,ASSAM,2018-2019,32750.0,32318.0,31809.0,4458.0,554.0
SONITPUR,ASSAM,2019-2020,32578.0,32307.0,31979.0,4564.0,526.0
SOUTH,DELHI,2017-2018,17810.0,17810.0,17810.0,1190.0,12978.0
SOUTH,DELHI,2018-2019,19154.0,18300.0,18025.0,1779.0,13434.0
SOUTH,DELHI,2019-2020,18611.0,17996.0,17996.0,1569.0,13119.0
SOUTH,SIKKIM,2017-2018,1666.0,1666.0,1666.0,0.0,0.0
SOUTH,SIKKIM,2018-2019,1668.0,1668.0,1668.0,0.0,0.0
SOUTH,SIKKIM,2019-2020,1643.0,1643.0,1643.0,0.0,0.0
SOUTH ANDAMAN,A & N ISLANDS,2017-2018,2631.0,2586.0,2586.0,0.0,762.0
SOUTH ANDAMAN,A & N ISLANDS,2018-2019,2531.0,2459.0,2459.0,0.0,787.0
SOUTH ANDAMAN,A & N ISLANDS,2019-2020,2472.0,2453.0,2431.0,0.0,700.0
SOUTH EAST,DELHI,2017-2018,28553.0,28553.0,28553.0,2017.0,27594.0
SOUTH EAST,DELHI,2018-2019,29776.0,29776.0,29776.0,2533.0,27559.0
SOUTH EAST,DELHI,2019-2020,30115.0,30115.0,30115.0,2844.0,27912.0
SOUTH GARO HILLS,MEGHALAYA,2017-2018,3094.0,2936.0,2625.0,0.0,0.0
SOUTH GARO HILLS,MEGHALAYA,2018-2019,3383.0,2898.0,2642.0,0.0,0.0
SOUTH GARO HILLS,MEGHALAYA,2019-2020,3663.0,3318.0,3019.0,0.0,0.0
SOUTH GOA,GOA,2017-2018,10401.0,10401.0,10401.0,855.0,2522.0
SOUTH GOA,GOA,2018-2019,10245.0,10192.0,10192.0,967.0,2636.0
SOUTH GOA,GOA,2019-2020,9909.0,9909.0,9909.0,895.0,2724.0
SOUTH TRIPURA,TRIPURA,2017-2018,6608.0,6438.0,6288.0,0.0,491.0
SOUTH TRIPURA,TRIPURA,2018-2019,6584.0,6439.0,6256.0,0.0,515.0
SOUTH TRIPURA,TRIPURA,2019-2020,6198.0,6004.0,5919.0,0.0,396.0
SOUTH TWENTY FOUR PARGANAS,WEST BENGAL,2017-2018,145061.0,144334.0,143654.0,0.0,9400.0
SOUTH TWENTY FOUR PARGANAS,WEST BENGAL,2018-2019,144589.0,142335.0,141479.0,0.0,9053.0
SOUTH TWENTY FOUR PARGANAS,WEST BENGAL,2019-2020,147150.0,146148.0,146148.0,0.0,8997.0
SOUTH WEST,DELHI,2017-2018,23575.0,23575.0,23575.0,644.0,20462.0
SOUTH WEST,DELHI,2018-2019,24973.0,24326.0,24071.0,1691.0,22150.0
SOUTH WEST,DELHI,2019-2020,23926.0,23059.0,23059.0,1443.0,21445.0
SOUTH WEST GARO HILLS,MEGHALAYA,2017-2018,4063.0,3947.0,3737.0,0.0,0.0
SOUTH WEST GARO HILLS,MEGHALAYA,2018-2019,4690.0,4395.0,4172.0,0.0,0.0
SOUTH WEST GARO HILLS,MEGHALAYA,2019-2020,4864.0,4864.0,4764.0,0.0,0.0
SOUTH WEST KHASI HILLS,MEGHALAYA,2017-2018,2902.0,2855.0,2783.0,0.0,0.0
SOUTH WEST KHASI HILLS,MEGHALAYA,2018-2019,3334.0,3043.0,2752.0,0.0,0.0
SOUTH WEST KHASI HILLS,MEGHALAYA,2019-2020,3375.0,3258.0,3100.0,0.0,0.0
SRIKAKULAM,ANDHRA PRADESH,2017-2018,41973.0,41973.0,41973.0,0.0,5121.0
SRIKAKULAM,ANDHRA PRADESH,2018-2019,44261.0,44261.0,44261.0,6.0,5198.0
SRIKAKULAM,ANDHRA PRADESH,2019-2020,41236.0,41236.0,41236.0,0.0,5012.0
SRINAGAR,JAMMU & KASHMIR,2017-2018,16298.0,16298.0,16298.0,1114.0,10908.0
SRINAGAR,JAMMU & KASHMIR,2018-2019,18247.0,17892.0,17892.0,1571.0,12892.0
SRINAGAR,JAMMU & KASHMIR,2019-2020,18176.0,17893.0,17893.0,1578.0,13074.0
SUKMA,CHHATTISGARH,2017-2018,5356.0,4924.0,4806.0,0.0,0.0
SUKMA,CHHATTISGARH,2018-2019,5903.0,5698.0,5698.0,0.0,0.0
SUKMA,CHHATTISGARH,2019-2020,6128.0,5986.0,5986.0,0.0,0.0
SULTANPUR,UTTAR PRADESH,2017-2018,47639.0,46128.0,44781.0,0.0,746.0
SULTANPUR,UTTAR PRADESH,2018-2019,56953.0,53878.0,52076.0,10127.0,11064.0
SULTANPUR,UTTAR PRADESH,2019-2020,50373.0,49281.0,49281.0,0.0,1252.0
SUNDARGARH,ODISHA,2017-2018,30313.0,30164.0,29685.0,913.0,4895.0
SUNDARGARH,ODISHA,2018-2019,28969.0,28969.0,28969.0,867.0,5098.0
SUNDARGARH,ODISHA,2019-2020,28419.0,28419.0,28419.0,423.0,5184.0
SUPAUL,BIHAR,2017-2018,60669.0,57587.0,53728.0,0.0,9508.0
SUPAUL,BIHAR,2018-2019,61355.0,58400.0,54234.0,0.0,9028.0
SUPAUL,BIHAR,2019-2020,70124.0,70124.0,65536.0,0.0,10897.0
SURAJPUR,CHHATTISGARH,2017-2018,16697.0,16685.0,16524.0,0.0,0.0
SURAJPUR,CHHATTISGARH,2018-2019,17572.0,17513.0,17513.0,0.0,0.0
SURAJPUR,CHHATTISGARH,2019-2020,17922.0,17713.0,17713.0,0.0,0.0
SURAT,GUJARAT,2017-2018,109353.0,109353.0,109353.0,14341.0,81525.0
SURAT,GUJARAT,2018-2019,100525.0,100093.0,99777.0,936.0,74834.0
SURAT,GUJARAT,2019-2020,101592.0,100727.0,100385.0,1887.0,75243.0
SURENDRANAGAR,GUJARAT,2017-2018,32025.0,31009.0,30540.0,268.0,8070.0
SURENDRANAGAR,GUJARAT,2018-2019,33231.0,31939.0,31041.0,1667.0,9411.0
SURENDRANAGAR,GUJARAT,2019-2020,32669.0,31350.0,30810.0,2564.0,8625.0
SURGUJA,CHHATTISGARH,2017-2018,22885.0,22708.0,22569.0,5269.0,6540.0
SURGUJA,CHHATTISGARH,2018-2019,24200.0,23397.0,23397.0,5689.0,6877.0
SURGUJA,CHHATTISGARH,2019-2020,24524.0,24199.0,24197.0,5184.0,6269.0
SURYAPET,TELANGANA,2017-2018,16087.0,15551.0,15551.0,0.0,2967.0
SURYAPET,TELANGANA,2018-2019,15444.0,15331.0,15331.0,0.0,2093.0
SURYAPET,TELANGANA,2019-2020,18075.0,17801.0,17801.0,1679.0,3069.0
TAMENGLONG,MANIPUR,2017-2018,1991.0,1857.0,1801.0,0.0,0.0
TAMENGLONG,MANIPUR,2018-2019,1850.0,1685.0,1611.0,0.0,0.0
TAMENGLONG,MANIPUR,2019-2020,1741.0,1711.0,1671.0,0.0,0.0
TAPI,GUJARAT,2017-2018,10494.0,10346.0,10279.0,0.0,399.0
TAPI,GUJARAT,2018-2019,10031.0,9728.0,9712.0,0.0,404.0
TAPI,GUJARAT,2019-2020,10202.0,10202.0,10202.0,0.0,413.0
TARN TARAN,PUNJAB,2017-2018,15787.0,15717.0,15717.0,0.0,363.0
TARN TARAN,PUNJAB,2018-2019,15447.0,15185.0,15182.0,0.0,372.0
TARN TARAN,PUNJAB,2019-2020,15235.0,14973.0,14790.0,0.0,334.0
TAWANG,ARUNACHAL PRADESH,2017-2018,719.0,649.0,633.0,0.0,0.0
TAWANG,ARUNACHAL PRADESH,2018-2019,836.0,818.0,818.0,0.0,0.0
TAWANG,ARUNACHAL PRADESH,2019-2020,788.0,730.0,708.0,0.0,0.0
TEHRI GARHWAL,UTTARAKHAND,2017-2018,10246.0,10201.0,10201.0,0.0,0.0
TEHRI GARHWAL,UTTARAKHAND,2018-2019,9814.0,9721.0,9721.0,0.0,0.0
TEHRI GARHWAL,UTTARAKHAND,2019-2020,9433.0,9433.0,9433.0,0.0,0.0
THANE,MAHARASHTRA,2017-2018,144704.0,144704.0,144704.0,28187.0,86489.0
THANE,MAHARASHTRA,2018-2019,139389.0,139079.0,139079.0,30898.0,79490.0
THANE,MAHARASHTRA,2019-2020,137546.0,137546.0,137546.0,21348.0,92535.0
THANJAVUR,TAMIL NADU,2017-2018,28250.0,28025.0,28025.0,950.0,4234.0
THANJAVUR,TAMIL NADU,2018-2019,29717.0,29459.0,29081.0,845.0,4392.0
THANJAVUR,TAMIL NADU,2019-2020,30277.0,30104.0,29915.0,483.0,4245.0
THE DANGS,GUJARAT,2017-2018,5888.0,5678.0,5516.0,0.0,0.0
THE DANGS,GUJARAT,2018-2019,5778.0,5564.0,5564.0,0.0,0.0
THE DANGS,GUJARAT,2019-2020,5736.0,5580.0,5384.0,0.0,0.0
THENI,TAMIL NADU,2017-2018,15099.0,14952.0,14808.0,305.0,3858.0
THENI,TAMIL NADU,2018-2019,15206.0,14992.0,14764.0,353.0,3670.0
THENI,TAMIL NADU,2019-2020,15580.0,15469.0,15364.0,281.0,3777.0
THIRUVALLUR,TAMIL NADU,2017-2018,31231.0,31231.0,31231.0,1530.0,7943.0
THIRUVALLUR,TAMIL NADU,2018-2019,31624.0,31624.0,31624.0,1493.0,7210.0
THIRUVALLUR,TAMIL NADU,2019-2020,32915.0,32467.0,32467.0,1620.0,7159.0
THIRUVANANTHAPURAM,KERALA,2017-2018,53093.0,52451.0,52123.0,12003.0,10057.0
THIRUVANANTHAPURAM,KERALA,2018-2019,44014.0,42839.0,42712.0,8786.0,7522.0
THIRUVANANTHAPURAM,KERALA,2019-2020,41162.0,40098.0,39917.0,6840.0,6969.0
THIRUVARUR,TAMIL NADU,2017-2018,15750.0,15750.0,15750.0,963.0,2091.0
THIRUVARUR,TAMIL NADU,2018-2019,17137.0,17137.0,17137.0,787.0,3179.0
THIRUVARUR,TAMIL NADU,2019-2020,16323.0,16323.0,16323.0,459.0,2537.0
THOUBAL,MANIPUR,2017-2018,7339.0,7187.0,7041.0,0.0,746.0
THOUBAL,MANIPUR,2018-2019,6892.0,6494.0,5940.0,0.0,624.0
THOUBAL,MANIPUR,2019-2020,7503.0,7105.0,6590.0,0.0,721.0
THRISSUR,KERALA,2017-2018,44441.0,42711.0,41845.0,7465.0,5679.0
THRISSUR,KERALA,2018-2019,46133.0,44999.0,43786.0,5796.0,5176.0
THRISSUR,KERALA,2019-2020,43173.0,41654.0,41051.0,4481.0,5187.0
TIKAMGARH,MADHYA PRADESH,2017-2018,31709.0,30879.0,30879.0,0.0,15.0
TIKAMGARH,MADHYA PRADESH,2018-2019,32154.0,31283.0,31283.0,0.0,55.0
TIKAMGARH,MADHYA PRADESH,2019-2020,34571.0,34281.0,34281.0,0.0,62.0
TINSUKIA,ASSAM,2017-2018,21728.0,21509.0,21051.0,6140.0,1595.0
TINSUKIA,ASSAM,2018-2019,21832.0,21102.0,20730.0,5974.0,1520.0
TINSUKIA,ASSAM,2019-2020,22120.0,21866.0,21592.0,5868.0,1351.0
TIRAP,ARUNACHAL PRADESH,2017-2018,926.0,830.0,769.0,0.0,0.0
TIRAP,ARUNACHAL PRADESH,2018-2019,880.0,863.0,835.0,0.0,0.0
TIRAP,ARUNACHAL PRADESH,2019-2020,944.0,905.0,846.0,0.0,0.0
TIRUCHIRAPPALLI,TAMIL NADU,2017-2018,34660.0,34660.0,34660.0,2842.0,12370.0
TIRUCHIRAPPALLI,TAMIL NADU,2018-2019,35191.0,35186.0,35067.0,2727.0,12108.0
TIRUCHIRAPPALLI,TAMIL NADU,2019-2020,34790.0,34790.0,34790.0,2010.0,12462.0
TIRUNELVELI,TAMIL NADU,2017-2018,39363.0,39015.0,38660.0,4630.0,11491.0
TIRUNELVELI,TAMIL NADU,2018-2019,39293.0,39013.0,38936.0,3635.0,11080.0
TIRUNELVELI,TAMIL NADU,2019-2020,39347.0,39151.0,39118.0,3215.0,10593.0
TIRUPUR,TAMIL NADU,2017-2018,27327.0,27327.0,27327.0,4180.0,13476.0
TIRUPUR,TAMIL NADU,2018-2019,29737.0,29653.0,29548.0,3562.0,14835.0
TIRUPUR,TAMIL NADU,2019-2020,29034.0,28907.0,28766.0,2847.0,13585.0
TIRUVANAMALAI,TAMIL NADU,2017-2018,35364.0,35364.0,35364.0,636.0,3626.0
TIRUVANAMALAI,TAMIL NADU,2018-2019,34641.0,34415.0,34415.0,479.0,3622.0
TIRUVANAMALAI,TAMIL NADU,2019-2020,34381.0,34209.0,34209.0,369.0,3496.0
TONK,RAJASTHAN,2017-2018,27194.0,26540.0,26540.0,0.0,934.0
TONK,RAJASTHAN,2018-2019,26590.0,25992.0,25992.0,0.0,1733.0
TONK,RAJASTHAN,2019-2020,24457.0,23892.0,23892.0,0.0,1709.0
TOOTHUKUDI,TAMIL NADU,2017-2018,19429.0,19381.0,19290.0,1936.0,5175.0
TOOTHUKUDI,TAMIL NADU,2018-2019,20126.0,20032.0,19908.0,1551.0,5065.0
TOOTHUKUDI,TAMIL NADU,2019-2020,19641.0,19593.0,19593.0,1283.0,5891.0
TUENSANG,NAGALAND,2017-2018,2183.0,2096.0,1978.0,41.0,249.0
TUENSANG,NAGALAND,2018-2019,2108.0,1840.0,1753.0,31.0,196.0
TUENSANG,NAGALAND,2019-2020,2142.0,2113.0,1982.0,26.0,224.0
TUMKUR,KARNATAKA,2017-2018,40515.0,39241.0,39241.0,619.0,2830.0
TUMKUR,KARNATAKA,2018-2019,39639.0,38489.0,38489.0,692.0,5713.0
TUMKUR,KARNATAKA,2019-2020,41831.0,40845.0,40845.0,753.0,6429.0
UDAIPUR,RAJASTHAN,2017-2018,73815.0,72405.0,72405.0,273.0,10604.0
UDAIPUR,RAJASTHAN,2018-2019,70032.0,68449.0,67640.0,176.0,10511.0
UDAIPUR,RAJASTHAN,2019-2020,68500.0,67035.0,66428.0,85.0,10927.0
UDALGURI,ASSAM,2017-2018,13200.0,12863.0,12545.0,1220.0,0.0
UDALGURI,ASSAM,2018-2019,13010.0,12857.0,12617.0,1157.0,0.0
UDALGURI,ASSAM,2019-2020,12827.0,12607.0,12287.0,1144.0,0.0
UDHAM SINGH NAGAR,UTTARAKHAND,2017-2018,36377.0,35089.0,34770.0,1955.0,8688.0
UDHAM SINGH NAGAR,UTTARAKHAND,2018-2019,33988.0,33043.0,32879.0,453.0,3239.0
UDHAM SINGH NAGAR,UTTARAKHAND,2019-2020,34511.0,33580.0,32969.0,49.0,4007.0
UDHAMPUR,JAMMU & KASHMIR,2017-2018,11292.0,10857.0,10857.0,487.0,527.0
UDHAMPUR,JAMMU & KASHMIR,2018-2019,10676.0,9989.0,9902.0,517.0,581.0
UDHAMPUR,JAMMU & KASHMIR,2019-2020,11672.0,11373.0,11298.0,560.0,760.0
UDUPI,KARNATAKA,2017-2018,15602.0,14854.0,14854.0,2905.0,2975.0
UDUPI,KARNATAKA,2018-2019,15400.0,14872.0,14872.0,3025.0,3138.0
UDUPI,KARNATAKA,2019-2020,14680.0,14098.0,13845.0,2484.0,2623.0
UJJAIN,MADHYA PRADESH,2017-2018,42968.0,41537.0,41326.0,1445.0,11845.0
UJJAIN,MADHYA PRADESH,2018-2019,46208.0,44245.0,44245.0,1347.0,15405.0
UJJAIN,MADHYA PRADESH,2019-2020,49337.0,47916.0,47916.0,1112.0,17165.0
UKHRUL,MANIPUR,2017-2018,2195.0,2033.0,1951.0,482.0,0.0
UKHRUL,MANIPUR,2018-2019,1986.0,1961.0,1845.0,495.0,0.0
UKHRUL,MANIPUR,2019-2020,2007.0,1892.0,1728.0,485.0,0.0
UMARIA,MADHYA PRADESH,2017-2018,13505.0,13412.0,13337.0,0.0,0.0
UMARIA,MADHYA PRADESH,2018-2019,13449.0,13250.0,13250.0,0.0,555.0
UMARIA,MADHYA PRADESH,2019-2020,14694.0,14383.0,14383.0,0.0,602.0
UNA,HIMACHAL PRADESH,2017-2018,8197.0,8059.0,8031.0,0.0,0.0
UNA,HIMACHAL PRADESH,2018-2019,8251.0,8251.0,8195.0,0.0,0.0
UNA,HIMACHAL PRADESH,2019-2020,7949.0,7927.0,7846.0,0.0,0.0
UNAKOTI,TRIPURA,2017-2018,4817.0,4433.0,4284.0,0.0,276.0
UNAKOTI,TRIPURA,2018-2019,4338.0,4086.0,3893.0,0.0,226.0
UNAKOTI,TRIPURA,2019-2020,4562.0,4386.0,4209.0,0.0,176.0
UNNAV,UTTAR PRADESH,2017-2018,64995.0,62369.0,62369.0,0.0,3430.0
UNNAV,UTTAR PRADESH,2018-2019,64400.0,60472.0,60195.0,0.0,2312.0
UNNAV,UTTAR PRADESH,2019-2020,70876.0,68189.0,68189.0,0.0,4473.0
UPPER SIANG,ARUNACHAL PRADESH,2017-2018,449.0,449.0,449.0,0.0,0.0
UPPER SIANG,ARUNACHAL PRADESH,2018-2019,453.0,453.0,451.0,0.0,0.0
UPPER SIANG,ARUNACHAL PRADESH,2019-2020,455.0,455.0,446.0,0.0,0.0
UPPER SUBANSIRI,ARUNACHAL PRADESH,2017-2018,874.0,833.0,792.0,0.0,0.0
UPPER SUBANSIRI,ARUNACHAL PRADESH,2018-2019,1039.0,967.0,931.0,0.0,0.0
UPPER SUBANSIRI,ARUNACHAL PRADESH,2019-2020,1025.0,953.0,740.0,0.0,0.0
UTTAR DINAJPUR,WEST BENGAL,2017-2018,67777.0,66571.0,65939.0,33.0,1837.0
UTTAR DINAJPUR,WEST BENGAL,2018-2019,68087.0,66634.0,65972.0,0.0,2141.0
UTTAR DINAJPUR,WEST BENGAL,2019-2020,70010.0,68347.0,67708.0,0.0,2283.0
UTTARA KANNADA,KARNATAKA,2017-2018,22950.0,22316.0,21522.0,1973.0,2891.0
UTTARA KANNADA,KARNATAKA,2018-2019,22853.0,22443.0,21919.0,2135.0,3233.0
UTTARA KANNADA,KARNATAKA,2019-2020,21790.0,21056.0,21037.0,2219.0,3364.0
UTTARKASHI,UTTARAKHAND,2017-2018,5259.0,5143.0,5009.0,0.0,0.0
UTTARKASHI,UTTARAKHAND,2018-2019,5579.0,5460.0,5352.0,0.0,0.0
UTTARKASHI,UTTARAKHAND,2019-2020,5387.0,5287.0,5223.0,0.0,0.0
VADODARA,GUJARAT,2017-2018,54987.0,53247.0,53247.0,0.0,30433.0
VADODARA,GUJARAT,2018-2019,55675.0,54013.0,54013.0,79.0,31968.0
VADODARA,GUJARAT,2019-2020,57622.0,55559.0,55410.0,1816.0,31259.0
VAISHALI,BIHAR,2017-2018,88136.0,85956.0,81728.0,0.0,0.0
VAISHALI,BIHAR,2018-2019,86580.0,84451.0,78327.0,0.0,0.0
VAISHALI,BIHAR,2019-2020,100085.0,100085.0,100085.0,0.0,2393.0
VALSAD,GUJARAT,2017-2018,25586.0,25393.0,25204.0,187.0,2822.0
VALSAD,GUJARAT,2018-2019,26140.0,26140.0,26004.0,141.0,3545.0
VALSAD,GUJARAT,2019-2020,26473.0,26372.0,26372.0,85.0,4837.0
VARANASI,UTTAR PRADESH,2017-2018,75058.0,73043.0,73043.0,0.0,19904.0
VARANASI,UTTAR PRADESH,2018-2019,95646.0,91701.0,91701.0,10974.0,19672.0
VARANASI,UTTAR PRADESH,2019-2020,89613.0,87275.0,87275.0,48.0,25240.0
VELLORE,TAMIL NADU,2017-2018,54105.0,53515.0,53067.0,5132.0,15224.0
VELLORE,TAMIL NADU,2018-2019,53543.0,52677.0,52224.0,5062.0,15335.0
VELLORE,TAMIL NADU,2019-2020,54038.0,53441.0,53355.0,5443.0,15901.0
VIDISHA,MADHYA PRADESH,2017-2018,31256.0,30515.0,30515.0,36.0,4267.0
VIDISHA,MADHYA PRADESH,2018-2019,37948.0,36236.0,36210.0,35.0,4153.0
VIDISHA,MADHYA PRADESH,2019-2020,36431.0,35091.0,35091.0,17.0,4462.0
VIKARABAD,TELANGANA,2017-2018,17638.0,17335.0,17335.0,0.0,1926.0
VIKARABAD,TELANGANA,2018-2019,17993.0,17609.0,17609.0,0.0,1847.0
VIKARABAD,TELANGANA,2019-2020,16413.0,16296.0,16296.0,0.0,1626.0
VILUPPURAM,TAMIL NADU,2017-2018,50323.0,50051.0,49926.0,215.0,2716.0
VILUPPURAM,TAMIL NADU,2018-2019,49956.0,49719.0,49719.0,499.0,3584.0
VILUPPURAM,TAMIL NADU,2019-2020,59768.0,49686.0,49686.0,10690.0,13463.0
VIRUDHUNAGAR,TAMIL NADU,2017-2018,22246.0,22244.0,22244.0,570.0,4601.0
VIRUDHUNAGAR,TAMIL NADU,2018-2019,22440.0,22399.0,22399.0,465.0,4702.0
VIRUDHUNAGAR,TAMIL NADU,2019-2020,21956.0,21956.0,21956.0,308.0,4429.0
VISHAKAPATNAM,ANDHRA PRADESH,2017-2018,63403.0,63403.0,63403.0,8143.0,17657.0
VISHAKAPATNAM,ANDHRA PRADESH,2018-2019,72004.0,72004.0,72004.0,12852.0,23183.0
VISHAKAPATNAM,ANDHRA PRADESH,2019-2020,63673.0,63673.0,63673.0,3775.0,15185.0
VIZIANAGARAM,ANDHRA PRADESH,2017-2018,33929.0,33929.0,33929.0,0.0,2912.0
VIZIANAGARAM,ANDHRA PRADESH,2018-2019,36882.0,36882.0,36882.0,0.0,5610.0
VIZIANAGARAM,ANDHRA PRADESH,2019-2020,35610.0,35610.0,35610.0,0.0,6394.0
WANAPARTHY,TELANGANA,2017-2018,9655.0,9439.0,9439.0,0.0,894.0
WANAPARTHY,TELANGANA,2018-2019,9745.0,9568.0,9568.0,0.0,1213.0
WANAPARTHY,TELANGANA,2019-2020,11680.0,11305.0,11305.0,2737.0,1160.0
WARANGAL RURAL,TELANGANA,2017-2018,9000.0,9000.0,9000.0,0.0,0.0
WARANGAL RURAL,TELANGANA,2018-2019,9161.0,9088.0,9088.0,0.0,0.0
WARANGAL RURAL,TELANGANA,2019-2020,11583.0,11583.0,11384.0,17.0,0.0
WARANGAL URBAN,TELANGANA,2017-2018,19087.0,18179.0,18179.0,0.0,11358.0
WARANGAL URBAN,TELANGANA,2018-2019,19771.0,18368.0,18368.0,0.0,11782.0
WARANGAL URBAN,TELANGANA,2019-2020,18462.0,17789.0,17789.0,0.0,11269.0
WARDHA,MAHARASHTRA,2017-2018,18561.0,18558.0,18558.0,1662.0,0.0
WARDHA,MAHARASHTRA,2018-2019,19158.0,18694.0,18694.0,1432.0,0.0
WARDHA,MAHARASHTRA,2019-2020,18571.0,18571.0,18507.0,1100.0,0.0
WASHIM,MAHARASHTRA,2017-2018,20100.0,19513.0,19496.0,0.0,0.0
WASHIM,MAHARASHTRA,2018-2019,19616.0,19157.0,19106.0,0.0,0.0
WASHIM,MAHARASHTRA,2019-2020,18864.0,18702.0,18702.0,0.0,547.0
WAYANAD,KERALA,2017-2018,17633.0,17315.0,16543.0,1635.0,0.0
WAYANAD,KERALA,2018-2019,14534.0,14282.0,13700.0,903.0,11.0
WAYANAD,KERALA,2019-2020,13770.0,13247.0,13048.0,685.0,14.0
WEST,DELHI,2017-2018,39301.0,39288.0,39288.0,688.0,34363.0
WEST,DELHI,2018-2019,41122.0,39066.0,39066.0,1179.0,36208.0
WEST,DELHI,2019-2020,42151.0,41502.0,41138.0,1640.0,36607.0
WEST,SIKKIM,2017-2018,1676.0,1665.0,1665.0,0.0,0.0
WEST,SIKKIM,2018-2019,1507.0,1507.0,1507.0,0.0,0.0
WEST,SIKKIM,2019-2020,1569.0,1566.0,1566.0,0.0,0.0
WEST CHAMPARAN,BIHAR,2017-2018,106217.0,101969.0,94795.0,0.0,16164.0
WEST CHAMPARAN,BIHAR,2018-2019,113997.0,113997.0,111548.0,0.0,17801.0
WEST CHAMPARAN,BIHAR,2019-2020,114253.0,114253.0,107885.0,0.0,19107.0
WEST GARO HILLS,MEGHALAYA,2017-2018,11749.0,11100.0,10385.0,655.0,333.0
WEST GARO HILLS,MEGHALAYA,2018-2019,11909.0,10722.0,9658.0,714.0,309.0
WEST GARO HILLS,MEGHALAYA,2019-2020,13200.0,12819.0,11746.0,668.0,373.0
WEST GODAVARI,ANDHRA PRADESH,2017-2018,54294.0,54294.0,54294.0,0.0,7033.0
WEST GODAVARI,ANDHRA PRADESH,2018-2019,55371.0,55371.0,55371.0,0.0,8747.0
WEST GODAVARI,ANDHRA PRADESH,2019-2020,52757.0,52757.0,52757.0,0.0,7853.0
WEST JAINTIA HILLS,MEGHALAYA,2017-2018,8954.0,8757.0,8490.0,254.0,465.0
WEST JAINTIA HILLS,MEGHALAYA,2018-2019,8814.0,8416.0,7922.0,199.0,416.0
WEST JAINTIA HILLS,MEGHALAYA,2019-2020,9236.0,8934.0,8698.0,167.0,425.0
WEST KAMENG,ARUNACHAL PRADESH,2017-2018,1137.0,1051.0,977.0,0.0,0.0
WEST KAMENG,ARUNACHAL PRADESH,2018-2019,1209.0,1209.0,1209.0,0.0,0.0
WEST KAMENG,ARUNACHAL PRADESH,2019-2020,1157.0,1102.0,1064.0,0.0,0.0
WEST KHASI HILLS,MEGHALAYA,2017-2018,10149.0,9654.0,9352.0,71.0,192.0
WEST KHASI HILLS,MEGHALAYA,2018-2019,9784.0,9300.0,8695.0,59.0,181.0
WEST KHASI HILLS,MEGHALAYA,2019-2020,11243.0,10621.0,10117.0,58.0,184.0
WEST SIANG,ARUNACHAL PRADESH,2017-2018,1331.0,1331.0,1260.0,0.0,0.0
WEST SIANG,ARUNACHAL PRADESH,2018-2019,1327.0,1270.0,1270.0,0.0,0.0
WEST SIANG,ARUNACHAL PRADESH,2019-2020,1544.0,1438.0,1395.0,0.0,0.0
WEST TRIPURA,TRIPURA,2017-2018,11495.0,10981.0,10632.0,111.0,1352.0
WEST TRIPURA,TRIPURA,2018-2019,11409.0,11252.0,10997.0,29.0,1280.0
WEST TRIPURA,TRIPURA,2019-2020,11347.0,10831.0,10738.0,81.0,1416.0
WOKHA,NAGALAND,2017-2018,1094.0,1039.0,1018.0,0.0,0.0
WOKHA,NAGALAND,2018-2019,977.0,977.0,970.0,0.0,0.0
WOKHA,NAGALAND,2019-2020,995.0,979.0,915.0,0.0,25.0
YADADRI BHONAGIRI,TELANGANA,2017-2018,12406.0,11967.0,11967.0,0.0,1648.0
YADADRI BHONAGIRI,TELANGANA,2018-2019,10988.0,10681.0,10681.0,0.0,1182.0
YADADRI BHONAGIRI,TELANGANA,2019-2020,12040.0,11648.0,11648.0,0.0,1576.0
YADGIR,KARNATAKA,2017-2018,31591.0,30857.0,30857.0,319.0,2784.0
YADGIR,KARNATAKA,2018-2019,33971.0,32484.0,32400.0,664.0,3884.0
YADGIR,KARNATAKA,2019-2020,36182.0,33823.0,33823.0,2561.0,6085.0
YAMUNANAGAR,HARYANA,2017-2018,22872.0,22577.0,22173.0,2344.0,7774.0
YAMUNANAGAR,HARYANA,2018-2019,24035.0,23431.0,23133.0,3161.0,8546.0
YAMUNANAGAR,HARYANA,2019-2020,23189.0,23138.0,23122.0,2356.0,7193.0
YANAM,PUDUCHERRY,2017-2018,634.0,600.0,600.0,0.0,23.0
YANAM,PUDUCHERRY,2018-2019,617.0,617.0,617.0,30.0,154.0
YANAM,PUDUCHERRY,2019-2020,663.0,663.0,619.0,11.0,105.0
YAVATMAL,MAHARASHTRA,2017-2018,43456.0,43456.0,43456.0,1485.0,2040.0
YAVATMAL,MAHARASHTRA,2018-2019,43997.0,43997.0,43997.0,2829.0,2047.0
YAVATMAL,MAHARASHTRA,2019-2020,44050.0,43449.0,43449.0,1480.0,4471.0
ZUNHEBOTO,NAGALAND,2017-2018,1121.0,1008.0,961.0,0.0,0.0
ZUNHEBOTO,NAGALAND,2018-2019,951.0,927.0,881.0,0.0,0.0
ZUNHEBOTO,NAGALAND,2019-2020,1091.0,1080.0,1047.0,0.0,0.0
